original_url	type	wayback_url	status
https://agisoft.freshdesk.com/support/solutions/articles/31000023521	kb	https://web.archive.org/web/20260924065005/https://agisoft.freshdesk.com/support/solutions/articles/31000023521	LIVE
https://agisoft.freshdesk.com/support/solutions/articles/31000126204	kb	https://web.archive.org/web/20260924065033/https://agisoft.freshdesk.com/support/solutions/articles/31000126204	LIVE
https://agisoft.freshdesk.com/support/solutions/articles/31000133073	kb	https://web.archive.org/web/20260514191004/https://agisoft.freshdesk.com/support/solutions/articles/31000133073	LIVE
https://agisoft.freshdesk.com/support/solutions/articles/31000133120	kb	https://web.archive.org/web/20260924065107/https://agisoft.freshdesk.com/support/solutions/articles/31000133120	LIVE
https://agisoft.freshdesk.com/support/solutions/articles/31000133121	kb	https://web.archive.org/web/20260924065124/https://agisoft.freshdesk.com/support/solutions/articles/31000133121	LIVE
https://agisoft.freshdesk.com/support/solutions/articles/31000133123	kb	https://web.archive.org/web/20260924065155/https://agisoft.freshdesk.com/support/solutions/articles/31000133123	LIVE
https://agisoft.freshdesk.com/support/solutions/articles/31000133141	kb	https://web.archive.org/web/20260924065219/https://agisoft.freshdesk.com/support/solutions/articles/31000133141	LIVE
https://agisoft.freshdesk.com/support/solutions/articles/31000133220	kb	https://web.archive.org/web/20260924065250/https://agisoft.freshdesk.com/support/solutions/articles/31000133220	LIVE
https://agisoft.freshdesk.com/support/solutions/articles/31000133222	kb	https://web.archive.org/web/20260924065308/https://agisoft.freshdesk.com/support/solutions/articles/31000133222	LIVE
https://agisoft.freshdesk.com/support/solutions/articles/31000133223	kb	https://web.archive.org/web/20260924065344/https://agisoft.freshdesk.com/support/solutions/articles/31000133223	LIVE
https://agisoft.freshdesk.com/support/solutions/articles/31000133910	kb	https://web.archive.org/web/20260924065411/https://agisoft.freshdesk.com/support/solutions/articles/31000133910	LIVE
https://agisoft.freshdesk.com/support/solutions/articles/31000134012	kb	https://web.archive.org/web/20260924065440/https://agisoft.freshdesk.com/support/solutions/articles/31000134012	LIVE
https://agisoft.freshdesk.com/support/solutions/articles/31000135256	kb	https://web.archive.org/web/20260923132615/https://agisoft.freshdesk.com/support/solutions/articles/31000135256	LIVE
https://agisoft.freshdesk.com/support/solutions/articles/31000135259	kb	https://web.archive.org/web/20260924065535/https://agisoft.freshdesk.com/support/solutions/articles/31000135259	LIVE
https://agisoft.freshdesk.com/support/solutions/articles/31000135262	kb	https://web.archive.org/web/20260924065554/https://agisoft.freshdesk.com/support/solutions/articles/31000135262	LIVE
https://agisoft.freshdesk.com/support/solutions/articles/31000135266	kb	https://web.archive.org/web/20260924065706/https://agisoft.freshdesk.com/support/solutions/articles/31000135266	LIVE
https://agisoft.freshdesk.com/support/solutions/articles/31000135267	kb	https://web.archive.org/web/20260924065649/https://agisoft.freshdesk.com/support/solutions/articles/31000135267	LIVE
https://agisoft.freshdesk.com/support/solutions/articles/31000135268	kb	https://web.archive.org/web/20260924065725/https://agisoft.freshdesk.com/support/solutions/articles/31000135268	LIVE
https://agisoft.freshdesk.com/support/solutions/articles/31000135270	kb	https://web.archive.org/web/20260924065745/https://agisoft.freshdesk.com/support/solutions/articles/31000135270	LIVE
https://agisoft.freshdesk.com/support/solutions/articles/31000135378	kb	https://web.archive.org/web/20260924065821/https://agisoft.freshdesk.com/support/solutions/articles/31000135378	LIVE
https://agisoft.freshdesk.com/support/solutions/articles/31000135437	kb	https://web.archive.org/web/20260924065843/https://agisoft.freshdesk.com/support/solutions/articles/31000135437	LIVE
https://agisoft.freshdesk.com/support/solutions/articles/31000135640	kb	https://web.archive.org/web/20260924065919/https://agisoft.freshdesk.com/support/solutions/articles/31000135640	LIVE
https://agisoft.freshdesk.com/support/solutions/articles/31000136860	kb	https://web.archive.org/web/20260924065945/https://agisoft.freshdesk.com/support/solutions/articles/31000136860	LIVE
https://agisoft.freshdesk.com/support/solutions/articles/31000136920	kb	https://web.archive.org/web/20260924070013/https://agisoft.freshdesk.com/support/solutions/articles/31000136920	LIVE
https://agisoft.freshdesk.com/support/solutions/articles/31000145016	kb	https://web.archive.org/web/20260924070139/https://agisoft.freshdesk.com/support/solutions/articles/31000145016	LIVE
https://agisoft.freshdesk.com/support/solutions/articles/31000145376	kb	https://web.archive.org/web/20260923122735/https://agisoft.freshdesk.com/support/solutions/articles/31000145376	LIVE
https://agisoft.freshdesk.com/support/solutions/articles/31000145918	kb	https://web.archive.org/web/20260924070234/https://agisoft.freshdesk.com/support/solutions/articles/31000145918	LIVE
https://agisoft.freshdesk.com/support/solutions/articles/31000145919	kb	https://web.archive.org/web/20260924070318/https://agisoft.freshdesk.com/support/solutions/articles/31000145919	LIVE
https://agisoft.freshdesk.com/support/solutions/articles/31000145920	kb	https://web.archive.org/web/20260924070442/https://agisoft.freshdesk.com/support/solutions/articles/31000145920	LIVE
https://agisoft.freshdesk.com/support/solutions/articles/31000147966	kb	https://web.archive.org/web/20260924070406/https://agisoft.freshdesk.com/support/solutions/articles/31000147966	LIVE
https://agisoft.freshdesk.com/support/solutions/articles/31000148332	kb	https://web.archive.org/web/20260924070425/https://agisoft.freshdesk.com/support/solutions/articles/31000148332	LIVE
https://agisoft.freshdesk.com/support/solutions/articles/31000148381	kb	https://web.archive.org/web/20260924070501/https://agisoft.freshdesk.com/support/solutions/articles/31000148381	LIVE
https://agisoft.freshdesk.com/support/solutions/articles/31000148432	kb	https://web.archive.org/web/20260924070526/https://agisoft.freshdesk.com/support/solutions/articles/31000148432	LIVE
https://agisoft.freshdesk.com/support/solutions/articles/31000148780	kb	https://web.archive.org/web/20260416203339/https://agisoft.freshdesk.com/support/solutions/articles/31000148780	LIVE
https://agisoft.freshdesk.com/support/solutions/articles/31000148830	kb	https://web.archive.org/web/20260416204742/https://agisoft.freshdesk.com/support/solutions/articles/31000148830	LIVE
https://agisoft.freshdesk.com/support/solutions/articles/31000148835	kb	https://web.archive.org/web/20260924070612/https://agisoft.freshdesk.com/support/solutions/articles/31000148835	LIVE
https://agisoft.freshdesk.com/support/solutions/articles/31000148853	kb	https://web.archive.org/web/20260924070613/https://agisoft.freshdesk.com/support/solutions/articles/31000148853	LIVE
https://agisoft.freshdesk.com/support/solutions/articles/31000148855	kb	https://web.archive.org/web/20260416201845/https://agisoft.freshdesk.com/support/solutions/articles/31000148855	LIVE
https://agisoft.freshdesk.com/support/solutions/articles/31000148866	kb	https://web.archive.org/web/20260416211435/https://agisoft.freshdesk.com/support/solutions/articles/31000148866	LIVE
https://agisoft.freshdesk.com/support/solutions/articles/31000148884	kb	https://web.archive.org/web/20260606132706/https://agisoft.freshdesk.com/support/solutions/articles/31000148884	LIVE
https://agisoft.freshdesk.com/support/solutions/articles/31000148930	kb	https://web.archive.org/web/20260924070658/https://agisoft.freshdesk.com/support/solutions/articles/31000148930	LIVE
https://agisoft.freshdesk.com/support/solutions/articles/31000149015	kb	https://web.archive.org/web/20260924070732/https://agisoft.freshdesk.com/support/solutions/articles/31000149015	LIVE
https://agisoft.freshdesk.com/support/solutions/articles/31000149337	kb	https://web.archive.org/web/20260214231855/https://agisoft.freshdesk.com/support/solutions/articles/31000149337	LIVE
https://agisoft.freshdesk.com/support/solutions/articles/31000149338	kb	https://web.archive.org/web/20260514194825/https://agisoft.freshdesk.com/support/solutions/articles/31000149338	LIVE
https://agisoft.freshdesk.com/support/solutions/articles/31000149339	kb	https://web.archive.org/web/20260208040855/https://agisoft.freshdesk.com/support/solutions/articles/31000149339	LIVE
https://agisoft.freshdesk.com/support/solutions/articles/31000149340	kb	https://web.archive.org/web/20260215033723/https://agisoft.freshdesk.com/support/solutions/articles/31000149340	LIVE
https://agisoft.freshdesk.com/support/solutions/articles/31000149341	kb	https://web.archive.org/web/20260210213011/https://agisoft.freshdesk.com/support/solutions/articles/31000149341	LIVE
https://agisoft.freshdesk.com/support/solutions/articles/31000150614	kb	https://web.archive.org/web/20260924070746/https://agisoft.freshdesk.com/support/solutions/articles/31000150614	LIVE
https://agisoft.freshdesk.com/support/solutions/articles/31000150804	kb	https://web.archive.org/web/20260924070805/https://agisoft.freshdesk.com/support/solutions/articles/31000150804	LIVE
https://agisoft.freshdesk.com/support/solutions/articles/31000150805	kb	https://web.archive.org/web/20260924070848/https://agisoft.freshdesk.com/support/solutions/articles/31000150805	LIVE
https://agisoft.freshdesk.com/support/solutions/articles/31000151182	kb	https://web.archive.org/web/20260924070900/https://agisoft.freshdesk.com/support/solutions/articles/31000151182	LIVE
https://agisoft.freshdesk.com/support/solutions/articles/31000152092	kb	https://web.archive.org/web/20260606132545/https://agisoft.freshdesk.com/support/solutions/articles/31000152092	LIVE
https://agisoft.freshdesk.com/support/solutions/articles/31000152334	kb	https://web.archive.org/web/20260606140212/https://agisoft.freshdesk.com/support/solutions/articles/31000152334	LIVE
https://agisoft.freshdesk.com/support/solutions/articles/31000152491	kb	https://web.archive.org/web/20260924070935/https://agisoft.freshdesk.com/support/solutions/articles/31000152491	LIVE
https://agisoft.freshdesk.com/support/solutions/articles/31000153271	kb	https://web.archive.org/web/20260924070955/https://agisoft.freshdesk.com/support/solutions/articles/31000153271	LIVE
https://agisoft.freshdesk.com/support/solutions/articles/31000153371	kb	https://web.archive.org/web/20260924071030/https://agisoft.freshdesk.com/support/solutions/articles/31000153371	LIVE
https://agisoft.freshdesk.com/support/solutions/articles/31000153479	kb	https://web.archive.org/web/20260514185622/https://agisoft.freshdesk.com/support/solutions/articles/31000153479	LIVE
https://agisoft.freshdesk.com/support/solutions/articles/31000153555	kb	https://web.archive.org/web/20260924071049/https://agisoft.freshdesk.com/support/solutions/articles/31000153555	LIVE
https://agisoft.freshdesk.com/support/solutions/articles/31000153696	kb	https://web.archive.org/web/20260514193426/https://agisoft.freshdesk.com/support/solutions/articles/31000153696	LIVE
https://agisoft.freshdesk.com/support/solutions/articles/31000153699	kb	https://web.archive.org/web/20260924071124/https://agisoft.freshdesk.com/support/solutions/articles/31000153699	LIVE
https://agisoft.freshdesk.com/support/solutions/articles/31000153729	kb	http://web.archive.org/web/20260924071144/https://agisoft.freshdesk.com/support/solutions/articles/31000153729	LIVE
https://agisoft.freshdesk.com/support/solutions/articles/31000153736	kb	https://web.archive.org/web/20260924071219/https://agisoft.freshdesk.com/support/solutions/articles/31000153736	LIVE
https://agisoft.freshdesk.com/support/solutions/articles/31000153743	kb	https://web.archive.org/web/20260924071238/https://agisoft.freshdesk.com/support/solutions/articles/31000153743	LIVE
https://agisoft.freshdesk.com/support/solutions/articles/31000153952	kb	https://web.archive.org/web/20260924071314/https://agisoft.freshdesk.com/support/solutions/articles/31000153952	LIVE
https://agisoft.freshdesk.com/support/solutions/articles/31000154049	kb	http://web.archive.org/web/20260924071333/https://agisoft.freshdesk.com/support/solutions/articles/31000154049	LIVE
https://agisoft.freshdesk.com/support/solutions/articles/31000154132	kb	https://web.archive.org/web/20260514190150/https://agisoft.freshdesk.com/support/solutions/articles/31000154132	LIVE
https://agisoft.freshdesk.com/support/solutions/articles/31000154587	kb	https://web.archive.org/web/20260923123849/https://agisoft.freshdesk.com/support/solutions/articles/31000154587	LIVE
https://agisoft.freshdesk.com/support/solutions/articles/31000154629	kb	https://web.archive.org/web/20260924071429/https://agisoft.freshdesk.com/support/solutions/articles/31000154629	LIVE
https://agisoft.freshdesk.com/support/solutions/articles/31000154762	kb	https://web.archive.org/web/20260924071512/https://agisoft.freshdesk.com/support/solutions/articles/31000154762	LIVE
https://agisoft.freshdesk.com/support/solutions/articles/31000155067	kb	https://web.archive.org/web/20260416210017/https://agisoft.freshdesk.com/support/solutions/articles/31000155067	LIVE
https://agisoft.freshdesk.com/support/solutions/articles/31000155118	kb	https://web.archive.org/web/20260514192236/https://agisoft.freshdesk.com/support/solutions/articles/31000155118	LIVE
https://agisoft.freshdesk.com/support/solutions/articles/31000155178	kb	https://web.archive.org/web/20260924071532/https://agisoft.freshdesk.com/support/solutions/articles/31000155178	LIVE
https://agisoft.freshdesk.com/support/solutions/articles/31000155179	kb	https://web.archive.org/web/20260924071559/https://agisoft.freshdesk.com/support/solutions/articles/31000155179	LIVE
https://agisoft.freshdesk.com/support/solutions/articles/31000155265	kb	https://web.archive.org/web/20260924071618/https://agisoft.freshdesk.com/support/solutions/articles/31000155265	LIVE
https://agisoft.freshdesk.com/support/solutions/articles/31000155544	kb	https://web.archive.org/web/20260924071702/https://agisoft.freshdesk.com/support/solutions/articles/31000155544	LIVE
https://agisoft.freshdesk.com/support/solutions/articles/31000155753	kb	https://web.archive.org/web/20260924071713/https://agisoft.freshdesk.com/support/solutions/articles/31000155753	LIVE
https://agisoft.freshdesk.com/support/solutions/articles/31000155990	kb	https://web.archive.org/web/20251216060425/https://agisoft.freshdesk.com/support/solutions/articles/31000155990	LIVE
https://agisoft.freshdesk.com/support/solutions/articles/31000156301	kb	https://web.archive.org/web/20260924071748/https://agisoft.freshdesk.com/support/solutions/articles/31000156301	LIVE
https://agisoft.freshdesk.com/support/solutions/articles/31000156493	kb	https://web.archive.org/web/20260924071807/https://agisoft.freshdesk.com/support/solutions/articles/31000156493	LIVE
https://agisoft.freshdesk.com/support/solutions/articles/31000156497	kb	https://web.archive.org/web/20260923124223/https://agisoft.freshdesk.com/support/solutions/articles/31000156497	LIVE
https://agisoft.freshdesk.com/support/solutions/articles/31000156964	kb	https://web.archive.org/web/20260924071902/https://agisoft.freshdesk.com/support/solutions/articles/31000156964	LIVE
https://agisoft.freshdesk.com/support/solutions/articles/31000157018	kb	https://web.archive.org/web/20260924071937/https://agisoft.freshdesk.com/support/solutions/articles/31000157018	LIVE
https://agisoft.freshdesk.com/support/solutions/articles/31000157329	kb	https://web.archive.org/web/20260924071956/https://agisoft.freshdesk.com/support/solutions/articles/31000157329	LIVE
https://agisoft.freshdesk.com/support/solutions/articles/31000157459	kb	https://web.archive.org/web/20260924072031/https://agisoft.freshdesk.com/support/solutions/articles/31000157459	LIVE
https://agisoft.freshdesk.com/support/solutions/articles/31000157618	kb	https://web.archive.org/web/20260924072057/https://agisoft.freshdesk.com/support/solutions/articles/31000157618	LIVE
https://agisoft.freshdesk.com/support/solutions/articles/31000157619	kb	https://web.archive.org/web/20260924072125/https://agisoft.freshdesk.com/support/solutions/articles/31000157619	LIVE
https://agisoft.freshdesk.com/support/solutions/articles/31000157620	kb	https://web.archive.org/web/20260924072152/https://agisoft.freshdesk.com/support/solutions/articles/31000157620	LIVE
https://agisoft.freshdesk.com/support/solutions/articles/31000157701	kb	https://web.archive.org/web/20260924072222/https://agisoft.freshdesk.com/support/solutions/articles/31000157701	LIVE
https://agisoft.freshdesk.com/support/solutions/articles/31000157888	kb	https://web.archive.org/web/20260924072244/https://agisoft.freshdesk.com/support/solutions/articles/31000157888	LIVE
https://agisoft.freshdesk.com/support/solutions/articles/31000157908	kb	https://web.archive.org/web/20260924072317/https://agisoft.freshdesk.com/support/solutions/articles/31000157908	LIVE
https://agisoft.freshdesk.com/support/solutions/articles/31000157953	kb	https://web.archive.org/web/20260122013251/https://agisoft.freshdesk.com/support/solutions/articles/31000157953	LIVE
https://agisoft.freshdesk.com/support/solutions/articles/31000158119	kb	https://web.archive.org/web/20260924072343/https://agisoft.freshdesk.com/support/solutions/articles/31000158119	LIVE
https://agisoft.freshdesk.com/support/solutions/articles/31000158217	kb	https://web.archive.org/web/20260923124558/https://agisoft.freshdesk.com/support/solutions/articles/31000158217	LIVE
https://agisoft.freshdesk.com/support/solutions/articles/31000158320	kb	https://web.archive.org/web/20260924072429/https://agisoft.freshdesk.com/support/solutions/articles/31000158320	LIVE
https://agisoft.freshdesk.com/support/solutions/articles/31000158376	kb	https://web.archive.org/web/20260924072506/https://agisoft.freshdesk.com/support/solutions/articles/31000158376	LIVE
https://agisoft.freshdesk.com/support/solutions/articles/31000158435	kb	https://web.archive.org/web/20260924072525/https://agisoft.freshdesk.com/support/solutions/articles/31000158435	LIVE
https://agisoft.freshdesk.com/support/solutions/articles/31000158881	kb	https://web.archive.org/web/20260924072600/https://agisoft.freshdesk.com/support/solutions/articles/31000158881	LIVE
https://agisoft.freshdesk.com/support/solutions/articles/31000158885	kb	https://web.archive.org/web/20260924072628/https://agisoft.freshdesk.com/support/solutions/articles/31000158885	LIVE
https://agisoft.freshdesk.com/support/solutions/articles/31000158896	kb	https://web.archive.org/web/20260924072656/https://agisoft.freshdesk.com/support/solutions/articles/31000158896	LIVE
https://agisoft.freshdesk.com/support/solutions/articles/31000158928	kb	https://web.archive.org/web/20260924072717/https://agisoft.freshdesk.com/support/solutions/articles/31000158928	LIVE
https://agisoft.freshdesk.com/support/solutions/articles/31000158941	kb	https://web.archive.org/web/20260924072751/https://agisoft.freshdesk.com/support/solutions/articles/31000158941	LIVE
https://agisoft.freshdesk.com/support/solutions/articles/31000158942	kb	https://web.archive.org/web/20260924072809/https://agisoft.freshdesk.com/support/solutions/articles/31000158942	LIVE
https://agisoft.freshdesk.com/support/solutions/articles/31000158967	kb	https://web.archive.org/web/20260924072844/https://agisoft.freshdesk.com/support/solutions/articles/31000158967	LIVE
https://agisoft.freshdesk.com/support/solutions/articles/31000159037	kb	https://web.archive.org/web/20260923124856/https://agisoft.freshdesk.com/support/solutions/articles/31000159037	LIVE
https://agisoft.freshdesk.com/support/solutions/articles/31000159101	kb	https://web.archive.org/web/20260924072940/https://agisoft.freshdesk.com/support/solutions/articles/31000159101	LIVE
https://agisoft.freshdesk.com/support/solutions/articles/31000159199	kb	https://web.archive.org/web/20260924072959/https://agisoft.freshdesk.com/support/solutions/articles/31000159199	LIVE
https://agisoft.freshdesk.com/support/solutions/articles/31000159337	kb	https://web.archive.org/web/20260924073035/https://agisoft.freshdesk.com/support/solutions/articles/31000159337	LIVE
https://agisoft.freshdesk.com/support/solutions/articles/31000159367	kb	https://web.archive.org/web/20260924073054/https://agisoft.freshdesk.com/support/solutions/articles/31000159367	LIVE
https://agisoft.freshdesk.com/support/solutions/articles/31000159531	kb	https://web.archive.org/web/20260924073130/https://agisoft.freshdesk.com/support/solutions/articles/31000159531	LIVE
https://agisoft.freshdesk.com/support/solutions/articles/31000159556	kb	https://web.archive.org/web/20260923125038/https://agisoft.freshdesk.com/support/solutions/articles/31000159556	LIVE
https://agisoft.freshdesk.com/support/solutions/articles/31000159853	kb	https://web.archive.org/web/20260924073225/https://agisoft.freshdesk.com/support/solutions/articles/31000159853	LIVE
https://agisoft.freshdesk.com/support/solutions/articles/31000159895	kb	https://web.archive.org/web/20260924073244/https://agisoft.freshdesk.com/support/solutions/articles/31000159895	LIVE
https://agisoft.freshdesk.com/support/solutions/articles/31000160027	kb	https://web.archive.org/web/20260924073332/https://agisoft.freshdesk.com/support/solutions/articles/31000160027	LIVE
https://agisoft.freshdesk.com/support/solutions/articles/31000160059	kb	https://web.archive.org/web/20260924073338/https://agisoft.freshdesk.com/support/solutions/articles/31000160059	LIVE
https://agisoft.freshdesk.com/support/solutions/articles/31000160098	kb	https://web.archive.org/web/20260924073413/https://agisoft.freshdesk.com/support/solutions/articles/31000160098	LIVE
https://agisoft.freshdesk.com/support/solutions/articles/31000160235	kb	https://web.archive.org/web/20260924073433/https://agisoft.freshdesk.com/support/solutions/articles/31000160235	LIVE
https://agisoft.freshdesk.com/support/solutions/articles/31000160468	kb	https://web.archive.org/web/20250719060521/https://agisoft.freshdesk.com/support/solutions/articles/31000160468	LIVE
https://agisoft.freshdesk.com/support/solutions/articles/31000160727	kb	https://web.archive.org/web/20260924073514/https://agisoft.freshdesk.com/support/solutions/articles/31000160727	LIVE
https://agisoft.freshdesk.com/support/solutions/articles/31000160729	kb	https://web.archive.org/web/20260924073556/https://agisoft.freshdesk.com/support/solutions/articles/31000160729	LIVE
https://agisoft.freshdesk.com/support/solutions/articles/31000160891	kb	https://web.archive.org/web/20260923125320/https://agisoft.freshdesk.com/support/solutions/articles/31000160891	LIVE
https://agisoft.freshdesk.com/support/solutions/articles/31000160911	kb	https://web.archive.org/web/20260924073646/https://agisoft.freshdesk.com/support/solutions/articles/31000160911	LIVE
https://agisoft.freshdesk.com/support/solutions/articles/31000160912	kb	https://web.archive.org/web/20260924073705/https://agisoft.freshdesk.com/support/solutions/articles/31000160912	LIVE
https://agisoft.freshdesk.com/support/solutions/articles/31000161029	kb	https://web.archive.org/web/20260924073740/https://agisoft.freshdesk.com/support/solutions/articles/31000161029	LIVE
https://agisoft.freshdesk.com/support/solutions/articles/31000161038	kb	https://web.archive.org/web/20260924073759/https://agisoft.freshdesk.com/support/solutions/articles/31000161038	LIVE
https://agisoft.freshdesk.com/support/solutions/articles/31000161146	kb	https://web.archive.org/web/20260924073838/https://agisoft.freshdesk.com/support/solutions/articles/31000161146	LIVE
https://agisoft.freshdesk.com/support/solutions/articles/31000161178	kb	https://web.archive.org/web/20260924073852/https://agisoft.freshdesk.com/support/solutions/articles/31000161178	LIVE
https://agisoft.freshdesk.com/support/solutions/articles/31000161295	kb	https://web.archive.org/web/20260924073928/https://agisoft.freshdesk.com/support/solutions/articles/31000161295	LIVE
https://agisoft.freshdesk.com/support/solutions/articles/31000161406	kb	https://web.archive.org/web/20260924073948/https://agisoft.freshdesk.com/support/solutions/articles/31000161406	LIVE
https://agisoft.freshdesk.com/support/solutions/articles/31000161533	kb	https://web.archive.org/web/20260923125551/https://agisoft.freshdesk.com/support/solutions/articles/31000161533	LIVE
https://agisoft.freshdesk.com/support/solutions/articles/31000161545	kb	https://web.archive.org/web/20260924074043/https://agisoft.freshdesk.com/support/solutions/articles/31000161545	LIVE
https://agisoft.freshdesk.com/support/solutions/articles/31000161735	kb	https://web.archive.org/web/20260924074119/https://agisoft.freshdesk.com/support/solutions/articles/31000161735	LIVE
https://agisoft.freshdesk.com/support/solutions/articles/31000161958	kb	https://web.archive.org/web/20260924074139/https://agisoft.freshdesk.com/support/solutions/articles/31000161958	LIVE
https://agisoft.freshdesk.com/support/solutions/articles/31000161959	kb	https://web.archive.org/web/20260924074212/https://agisoft.freshdesk.com/support/solutions/articles/31000161959	LIVE
https://agisoft.freshdesk.com/support/solutions/articles/31000162008	kb	https://web.archive.org/web/20260924074236/https://agisoft.freshdesk.com/support/solutions/articles/31000162008	LIVE
https://agisoft.freshdesk.com/support/solutions/articles/31000162209	kb	https://web.archive.org/web/20260924074306/https://agisoft.freshdesk.com/support/solutions/articles/31000162209	LIVE
https://agisoft.freshdesk.com/support/solutions/articles/31000162210	kb	https://web.archive.org/web/20260924074325/https://agisoft.freshdesk.com/support/solutions/articles/31000162210	LIVE
https://agisoft.freshdesk.com/support/solutions/articles/31000162211	kb	https://web.archive.org/web/20260924074402/https://agisoft.freshdesk.com/support/solutions/articles/31000162211	LIVE
https://agisoft.freshdesk.com/support/solutions/articles/31000162212	kb	https://web.archive.org/web/20260514195442/https://agisoft.freshdesk.com/support/solutions/articles/31000162212	LIVE
https://agisoft.freshdesk.com/support/solutions/articles/31000162414	kb	https://web.archive.org/web/20260924074421/https://agisoft.freshdesk.com/support/solutions/articles/31000162414	LIVE
https://agisoft.freshdesk.com/support/solutions/articles/31000162464	kb	https://web.archive.org/web/20260924074456/https://agisoft.freshdesk.com/support/solutions/articles/31000162464	LIVE
https://agisoft.freshdesk.com/support/solutions/articles/31000162477	kb	https://web.archive.org/web/20260925130204/https://agisoft.freshdesk.com/support/solutions/articles/31000162477	LIVE
https://agisoft.freshdesk.com/support/solutions/articles/31000162552	kb	http://web.archive.org/web/20260924074551/https://agisoft.freshdesk.com/support/solutions/articles/31000162552	LIVE
https://agisoft.freshdesk.com/support/solutions/articles/31000162572	kb	https://web.archive.org/web/20260924074611/https://agisoft.freshdesk.com/support/solutions/articles/31000162572	LIVE
https://agisoft.freshdesk.com/support/solutions/articles/31000162602	kb	https://web.archive.org/web/20260924074647/https://agisoft.freshdesk.com/support/solutions/articles/31000162602	LIVE
https://agisoft.freshdesk.com/support/solutions/articles/31000162626	kb	https://web.archive.org/web/20260514195022/https://agisoft.freshdesk.com/support/solutions/articles/31000162626	LIVE
https://agisoft.freshdesk.com/support/solutions/articles/31000162627	kb	https://web.archive.org/web/20260924074743/https://agisoft.freshdesk.com/support/solutions/articles/31000162627	LIVE
https://agisoft.freshdesk.com/support/solutions/articles/31000163220	kb	http://web.archive.org/web/20260416210126/https://agisoft.freshdesk.com/support/solutions/articles/31000163220	LIVE
https://agisoft.freshdesk.com/support/solutions/articles/31000163267	kb	https://web.archive.org/web/20260924074801/https://agisoft.freshdesk.com/support/solutions/articles/31000163267	LIVE
https://agisoft.freshdesk.com/support/solutions/articles/31000163268	kb	https://web.archive.org/web/20260925130247/https://agisoft.freshdesk.com/support/solutions/articles/31000163268	LIVE
https://agisoft.freshdesk.com/support/solutions/articles/31000163280	kb	https://web.archive.org/web/20260924074903/https://agisoft.freshdesk.com/support/solutions/articles/31000163280	LIVE
https://agisoft.freshdesk.com/support/solutions/articles/31000163324	kb	https://web.archive.org/web/20260924074939/https://agisoft.freshdesk.com/support/solutions/articles/31000163324	LIVE
https://agisoft.freshdesk.com/support/solutions/articles/31000163388	kb	https://web.archive.org/web/20260924074951/https://agisoft.freshdesk.com/support/solutions/articles/31000163388	LIVE
https://agisoft.freshdesk.com/support/solutions/articles/31000164388	kb	https://web.archive.org/web/20260316054115/https://agisoft.freshdesk.com/support/solutions/articles/31000164388	LIVE
https://agisoft.freshdesk.com/support/solutions/articles/31000164680	kb	https://web.archive.org/web/20250515131736/https://agisoft.freshdesk.com/support/solutions/articles/31000164680	LIVE
https://agisoft.freshdesk.com/support/solutions/articles/31000166900	kb	https://web.archive.org/web/20260924075026/https://agisoft.freshdesk.com/support/solutions/articles/31000166900	LIVE
https://agisoft.freshdesk.com/support/solutions/articles/31000166933	kb	https://web.archive.org/web/20260924075132/https://agisoft.freshdesk.com/support/solutions/articles/31000166933	LIVE
https://agisoft.freshdesk.com/support/solutions/articles/31000166942	kb	https://web.archive.org/web/20260924075129/https://agisoft.freshdesk.com/support/solutions/articles/31000166942	LIVE
https://agisoft.freshdesk.com/support/solutions/articles/31000167427	kb	https://web.archive.org/web/20260923130356/https://agisoft.freshdesk.com/support/solutions/articles/31000167427	LIVE
https://agisoft.freshdesk.com/support/solutions/articles/31000167433	kb	https://web.archive.org/web/20260924075218/https://agisoft.freshdesk.com/support/solutions/articles/31000167433	LIVE
https://agisoft.freshdesk.com/support/solutions/articles/31000167860	kb	https://web.archive.org/web/20260923130430/https://agisoft.freshdesk.com/support/solutions/articles/31000167860	LIVE
https://agisoft.freshdesk.com/support/solutions/articles/31000167872	kb	https://web.archive.org/web/20260924075312/https://agisoft.freshdesk.com/support/solutions/articles/31000167872	LIVE
https://agisoft.freshdesk.com/support/solutions/articles/31000167986	kb	https://web.archive.org/web/20260923130510/https://agisoft.freshdesk.com/support/solutions/articles/31000167986	LIVE
https://agisoft.freshdesk.com/support/solutions/articles/31000168141	kb	https://web.archive.org/web/20260924075407/https://agisoft.freshdesk.com/support/solutions/articles/31000168141	LIVE
https://agisoft.freshdesk.com/support/solutions/articles/31000168292	kb	https://web.archive.org/web/20260924075426/https://agisoft.freshdesk.com/support/solutions/articles/31000168292	LIVE
https://agisoft.freshdesk.com/support/solutions/articles/31000168474	kb	https://web.archive.org/web/20260923130611/https://agisoft.freshdesk.com/support/solutions/articles/31000168474	LIVE
https://agisoft.freshdesk.com/support/solutions/articles/31000169030	kb	https://web.archive.org/web/20260924075530/https://agisoft.freshdesk.com/support/solutions/articles/31000169030	LIVE
https://agisoft.freshdesk.com/support/solutions/articles/31000169229	kb	https://web.archive.org/web/20260316063113/https://agisoft.freshdesk.com/support/solutions/articles/31000169229	LIVE
https://agisoft.freshdesk.com/support/solutions/articles/31000169237	kb	https://web.archive.org/web/20260924075602/https://agisoft.freshdesk.com/support/solutions/articles/31000169237	LIVE
https://agisoft.freshdesk.com/support/solutions/articles/31000169304	kb	https://web.archive.org/web/20260924075616/https://agisoft.freshdesk.com/support/solutions/articles/31000169304	LIVE
https://agisoft.freshdesk.com/support/solutions/articles/31000169378	kb	https://web.archive.org/web/20260924131432/https://agisoft.freshdesk.com/support/solutions/articles/31000169378	LIVE
https://agisoft.freshdesk.com/support/solutions/articles/31000169438	kb	https://web.archive.org/web/20260924075711/https://agisoft.freshdesk.com/support/solutions/articles/31000169438	LIVE
https://agisoft.freshdesk.com/support/solutions/articles/31000169660	kb	https://web.archive.org/web/20260924075747/https://agisoft.freshdesk.com/support/solutions/articles/31000169660	LIVE
https://agisoft.freshdesk.com/support/solutions/articles/31000170259	kb	https://web.archive.org/web/20260923130821/https://agisoft.freshdesk.com/support/solutions/articles/31000170259	LIVE
https://agisoft.freshdesk.com/support/solutions/articles/31000170365	kb	https://web.archive.org/web/20260924075841/https://agisoft.freshdesk.com/support/solutions/articles/31000170365	LIVE
https://agisoft.freshdesk.com/support/solutions/articles/31000170564	kb	https://web.archive.org/web/20260924075901/https://agisoft.freshdesk.com/support/solutions/articles/31000170564	LIVE
https://agisoft.freshdesk.com/support/solutions/articles/31000171950	kb	https://web.archive.org/web/20260924075936/https://agisoft.freshdesk.com/support/solutions/articles/31000171950	LIVE
https://agisoft.freshdesk.com/support/solutions/articles/31000172034	kb	https://web.archive.org/web/20260924075955/https://agisoft.freshdesk.com/support/solutions/articles/31000172034	LIVE
https://agisoft.freshdesk.com/support/solutions/articles/31000172512	kb	https://web.archive.org/web/20260924080031/https://agisoft.freshdesk.com/support/solutions/articles/31000172512	LIVE
https://agisoft.freshdesk.com/support/solutions/articles/31000173952	kb	https://web.archive.org/web/20260924080052/https://agisoft.freshdesk.com/support/solutions/articles/31000173952	LIVE
https://agisoft.freshdesk.com/support/solutions/articles/31000173963	kb	https://web.archive.org/web/20260924080127/https://agisoft.freshdesk.com/support/solutions/articles/31000173963	LIVE
https://agisoft.freshdesk.com/support/solutions/articles/31000175667	kb	https://web.archive.org/web/20260514190011/https://agisoft.freshdesk.com/support/solutions/articles/31000175667	LIVE
https://agisoft.freshdesk.com/support/solutions/articles/31000177202	kb	https://web.archive.org/web/20260924080147/https://agisoft.freshdesk.com/support/solutions/articles/31000177202	LIVE
https://agisoft.freshdesk.com/support/solutions/articles/31000177705	kb	https://web.archive.org/web/20260924080230/https://agisoft.freshdesk.com/support/solutions/articles/31000177705	LIVE
https://agisoft.freshdesk.com/support/solutions/articles/31000177786	kb	https://web.archive.org/web/20260923131128/https://agisoft.freshdesk.com/support/solutions/articles/31000177786	LIVE
https://agisoft.freshdesk.com/support/solutions/articles/31000179305	kb	https://web.archive.org/web/20260923131200/https://agisoft.freshdesk.com/support/solutions/articles/31000179305	LIVE
https://agisoft.freshdesk.com/support/solutions/articles/31000179306	kb	https://web.archive.org/web/20260923131208/https://agisoft.freshdesk.com/support/solutions/articles/31000179306	LIVE
https://agisoft.freshdesk.com/support/solutions/articles/31000179307	kb	https://web.archive.org/web/20260923131233/https://agisoft.freshdesk.com/support/solutions/articles/31000179307	LIVE
https://agisoft.freshdesk.com/support/solutions/articles/31000179332	kb	https://web.archive.org/web/20260923131302/https://agisoft.freshdesk.com/support/solutions/articles/31000179332	LIVE
https://agisoft.freshdesk.com/support/solutions/articles/31000179371	kb	https://web.archive.org/web/20260923131353/https://agisoft.freshdesk.com/support/solutions/articles/31000179371	LIVE
https://agisoft.freshdesk.com/support/solutions/articles/31000179476	kb	https://web.archive.org/web/20260923131327/https://agisoft.freshdesk.com/support/solutions/articles/31000179476	LIVE
https://agisoft.freshdesk.com/support/solutions/articles/31000179478	kb	https://web.archive.org/web/20260923131344/https://agisoft.freshdesk.com/support/solutions/articles/31000179478	LIVE
https://www.agisoft.com/forum/index.php?topic=10129.msg46256#msg46256	forum_msg	https://web.archive.org/web/20260924080654/https://www.agisoft.com/forum/index.php?topic=10129.msg46256	LIVE
https://www.agisoft.com/forum/index.php?topic=10245.msg47893#msg47893	forum_msg	https://web.archive.org/web/20260924080728/https://www.agisoft.com/forum/index.php?topic=10245.msg47893	LIVE
https://www.agisoft.com/forum/index.php?topic=10250.0	forum_thread	http://web.archive.org/web/20240224014226/https://www.agisoft.com/forum/index.php?topic=10250.0	LIVE
https://www.agisoft.com/forum/index.php?topic=10250.msg46776#msg46776	forum_msg	http://web.archive.org/web/20260924125726/https://www.agisoft.com/forum/index.php?topic=10250.msg46776	LIVE
https://www.agisoft.com/forum/index.php?topic=10266.msg48076#msg48076	forum_msg	https://web.archive.org/web/20260923124019/https://www.agisoft.com/forum/index.php?topic=10266.msg48076	LIVE
https://www.agisoft.com/forum/index.php?topic=10304.msg47977#msg47977	forum_msg	https://web.archive.org/web/20260923112345/https://www.agisoft.com/forum/index.php?topic=10304.msg47977	LIVE
https://www.agisoft.com/forum/index.php?topic=10415.msg47137#msg47137	forum_msg	https://web.archive.org/web/20260924080842/https://www.agisoft.com/forum/index.php?topic=10415.msg47137	LIVE
https://www.agisoft.com/forum/index.php?topic=10415.msg47414#msg47414	forum_msg	https://web.archive.org/web/20260924080919/https://www.agisoft.com/forum/index.php?topic=10415.msg47414	LIVE
https://www.agisoft.com/forum/index.php?topic=10450.0	forum_thread	http://web.archive.org/web/20260416103508/https://www.agisoft.com/forum/index.php?topic=10450.0	LIVE
https://www.agisoft.com/forum/index.php?topic=10615.msg48212#msg48212	forum_msg	https://web.archive.org/web/20260924080943/https://www.agisoft.com/forum/index.php?topic=10615.msg48212	LIVE
https://www.agisoft.com/forum/index.php?topic=10615.msg49635#msg49635	forum_msg	https://web.archive.org/web/20260924081017/https://www.agisoft.com/forum/index.php?topic=10615.msg49635	LIVE
https://www.agisoft.com/forum/index.php?topic=10720.msg48535#msg48535	forum_msg	https://web.archive.org/web/20260924081036/https://www.agisoft.com/forum/index.php?topic=10720.msg48535	LIVE
https://www.agisoft.com/forum/index.php?topic=10802.msg48826#msg48826	forum_msg	https://web.archive.org/web/20260924081113/https://www.agisoft.com/forum/index.php?topic=10802.msg48826	LIVE
https://www.agisoft.com/forum/index.php?topic=10816.0	forum_thread	http://web.archive.org/web/20260924181805/https://www.agisoft.com/forum/index.php?topic=10816.0	LIVE
https://www.agisoft.com/forum/index.php?topic=10828.msg48916#msg48916	forum_msg	https://web.archive.org/web/20260924081139/https://www.agisoft.com/forum/index.php?topic=10828.msg48916	LIVE
https://www.agisoft.com/forum/index.php?topic=10828.msg49989#msg49989	forum_msg	https://web.archive.org/web/20260924081214/https://www.agisoft.com/forum/index.php?topic=10828.msg49989	LIVE
https://www.agisoft.com/forum/index.php?topic=10834.0	forum_thread	http://web.archive.org/web/20260924181823/https://www.agisoft.com/forum/index.php?topic=10834.0	LIVE
https://www.agisoft.com/forum/index.php?topic=10834.msg48943#msg48943	forum_msg	https://web.archive.org/web/20260924081236/https://www.agisoft.com/forum/index.php?topic=10834.msg48943	LIVE
https://www.agisoft.com/forum/index.php?topic=10848.msg53212#msg53212	forum_msg	https://web.archive.org/web/20260924081312/https://www.agisoft.com/forum/index.php?topic=10848.msg53212	LIVE
https://www.agisoft.com/forum/index.php?topic=10905.0	forum_thread	http://web.archive.org/web/20260924181949/https://www.agisoft.com/forum/index.php?topic=10905.0	LIVE
https://www.agisoft.com/forum/index.php?topic=11068.0	forum_thread	http://web.archive.org/web/20260924185633/https://www.agisoft.com/forum/index.php?topic=11068.0	LIVE
https://www.agisoft.com/forum/index.php?topic=11068.msg52237#msg52237	forum_msg	https://web.archive.org/web/20260924081332/https://www.agisoft.com/forum/index.php?topic=11068.msg52237	LIVE
https://www.agisoft.com/forum/index.php?topic=11077.msg49903#msg49903	forum_msg	https://web.archive.org/web/20260924081407/https://www.agisoft.com/forum/index.php?topic=11077.msg49903	LIVE
https://www.agisoft.com/forum/index.php?topic=1108.msg5226#msg5226	forum_msg	https://web.archive.org/web/20260924081428/https://www.agisoft.com/forum/index.php?topic=1108.msg5226	LIVE
https://www.agisoft.com/forum/index.php?topic=11105.0	forum_thread	http://web.archive.org/web/20250916050744/https://www.agisoft.com/forum/index.php?topic=11105.0	LIVE
https://www.agisoft.com/forum/index.php?topic=11105.msg50053#msg50053	forum_msg	https://web.archive.org/web/20260924081504/https://www.agisoft.com/forum/index.php?topic=11105.msg50053	LIVE
https://www.agisoft.com/forum/index.php?topic=11120.msg50096#msg50096	forum_msg	https://web.archive.org/web/20260923113008/https://www.agisoft.com/forum/index.php?topic=11120.msg50096	LIVE
https://www.agisoft.com/forum/index.php?topic=11129.msg50273#msg50273	forum_msg	https://web.archive.org/web/20260924081601/https://www.agisoft.com/forum/index.php?topic=11129.msg50273	LIVE
https://www.agisoft.com/forum/index.php?topic=11129.msg50316#msg50316	forum_msg	https://web.archive.org/web/20260924081622/https://www.agisoft.com/forum/index.php?topic=11129.msg50316	LIVE
https://www.agisoft.com/forum/index.php?topic=11148.0	forum_thread	http://web.archive.org/web/20260611162658/https://www.agisoft.com/forum/index.php?topic=11148.0	LIVE
https://www.agisoft.com/forum/index.php?topic=11148.msg50135#msg50135	forum_msg	https://web.archive.org/web/20260924081705/https://www.agisoft.com/forum/index.php?topic=11148.msg50135	LIVE
https://www.agisoft.com/forum/index.php?topic=11153.0	forum_thread	http://web.archive.org/web/20260924185738/https://www.agisoft.com/forum/index.php?topic=11153.0	LIVE
https://www.agisoft.com/forum/index.php?topic=11153.msg50187#msg50187	forum_msg	https://web.archive.org/web/20260923202420/https://www.agisoft.com/forum/index.php?topic=11153.msg50187	LIVE
https://www.agisoft.com/forum/index.php?topic=11164.msg49325#msg49325	forum_msg	https://web.archive.org/web/20260923202423/https://www.agisoft.com/forum/index.php?topic=11164.msg49325	LIVE
https://www.agisoft.com/forum/index.php?topic=11164.msg50274#msg50274	forum_msg	https://web.archive.org/web/20260923202452/https://www.agisoft.com/forum/index.php?topic=11164.msg50274	LIVE
https://www.agisoft.com/forum/index.php?topic=11173.0	forum_thread	http://web.archive.org/web/20260616191455/https://www.agisoft.com/forum/index.php?topic=11173.0	LIVE
https://www.agisoft.com/forum/index.php?topic=11286.msg49832#msg49832	forum_msg	https://web.archive.org/web/20260923202520/https://www.agisoft.com/forum/index.php?topic=11286.msg49832	LIVE
https://www.agisoft.com/forum/index.php?topic=11286.msg50690#msg50690	forum_msg	https://web.archive.org/web/20260923202544/https://www.agisoft.com/forum/index.php?topic=11286.msg50690	LIVE
https://www.agisoft.com/forum/index.php?topic=11286.msg50699#msg50699	forum_msg	https://web.archive.org/web/20260923202606/https://www.agisoft.com/forum/index.php?topic=11286.msg50699	LIVE
https://www.agisoft.com/forum/index.php?topic=11286.msg50706#msg50706	forum_msg	https://web.archive.org/web/20260923202636/https://www.agisoft.com/forum/index.php?topic=11286.msg50706	LIVE
https://www.agisoft.com/forum/index.php?topic=11404.msg51148#msg51148	forum_msg	https://web.archive.org/web/20260923202656/https://www.agisoft.com/forum/index.php?topic=11404.msg51148	LIVE
https://www.agisoft.com/forum/index.php?topic=11491.0	forum_thread	http://web.archive.org/web/20251109125215/https://www.agisoft.com/forum/index.php?topic=11491.0	LIVE
https://www.agisoft.com/forum/index.php?topic=11506.msg51385#msg51385	forum_msg	https://web.archive.org/web/20260923202730/https://www.agisoft.com/forum/index.php?topic=11506.msg51385	LIVE
https://www.agisoft.com/forum/index.php?topic=11548.msg52102#msg52102	forum_msg	https://web.archive.org/web/20260923202749/https://www.agisoft.com/forum/index.php?topic=11548.msg52102	LIVE
https://www.agisoft.com/forum/index.php?topic=11630.msg52157#msg52157	forum_msg	https://web.archive.org/web/20260923202828/https://www.agisoft.com/forum/index.php?topic=11630.msg52157	LIVE
https://www.agisoft.com/forum/index.php?topic=11630.msg53148#msg53148	forum_msg	https://web.archive.org/web/20260923202840/https://www.agisoft.com/forum/index.php?topic=11630.msg53148	LIVE
https://www.agisoft.com/forum/index.php?topic=11771.0	forum_thread	http://web.archive.org/web/20260317061151/https://www.agisoft.com/forum/index.php?topic=11771.0	LIVE
https://www.agisoft.com/forum/index.php?topic=11771.msg52680#msg52680	forum_msg	https://web.archive.org/web/20260923202911/https://www.agisoft.com/forum/index.php?topic=11771.msg52680	LIVE
https://www.agisoft.com/forum/index.php?topic=11803.msg53024#msg53024	forum_msg	https://web.archive.org/web/20260923202931/https://www.agisoft.com/forum/index.php?topic=11803.msg53024	LIVE
https://www.agisoft.com/forum/index.php?topic=11817.msg52924#msg52924	forum_msg	https://web.archive.org/web/20260923203001/https://www.agisoft.com/forum/index.php?topic=11817.msg52924	LIVE
https://www.agisoft.com/forum/index.php?topic=11931.msg53450#msg53450	forum_msg	https://web.archive.org/web/20260923203023/https://www.agisoft.com/forum/index.php?topic=11931.msg53450	LIVE
https://www.agisoft.com/forum/index.php?topic=12021.0	forum_thread	http://web.archive.org/web/20260924190347/https://www.agisoft.com/forum/index.php?topic=12021.0	LIVE
https://www.agisoft.com/forum/index.php?topic=12036.0	forum_thread	http://web.archive.org/web/20250515184724/https://www.agisoft.com/forum/index.php?topic=12036.0	LIVE
https://www.agisoft.com/forum/index.php?topic=12036.msg53833#msg53833	forum_msg	https://web.archive.org/web/20260923203100/https://www.agisoft.com/forum/index.php?topic=12036.msg53833	LIVE
https://www.agisoft.com/forum/index.php?topic=12060.0	forum_thread	http://web.archive.org/web/20251109191139/https://www.agisoft.com/forum/index.php?topic=12060.0	LIVE
https://www.agisoft.com/forum/index.php?topic=12069.msg53767#msg53767	forum_msg	https://web.archive.org/web/20260923203122/https://www.agisoft.com/forum/index.php?topic=12069.msg53767	LIVE
https://www.agisoft.com/forum/index.php?topic=12114.msg59880#msg59880	forum_msg	https://web.archive.org/web/20260923203144/https://www.agisoft.com/forum/index.php?topic=12114.msg59880	LIVE
https://www.agisoft.com/forum/index.php?topic=12235.0	forum_thread	http://web.archive.org/web/20251208045813/https://www.agisoft.com/forum/index.php?topic=12235.0	LIVE
https://www.agisoft.com/forum/index.php?topic=12270.msg56225#msg56225	forum_msg	https://web.archive.org/web/20260923113643/https://www.agisoft.com/forum/index.php?topic=12270.msg56225	LIVE
https://www.agisoft.com/forum/index.php?topic=12270.msg58112#msg58112	forum_msg	https://web.archive.org/web/20260923203235/https://www.agisoft.com/forum/index.php?topic=12270.msg58112	LIVE
https://www.agisoft.com/forum/index.php?topic=12421.msg55331#msg55331	forum_msg	https://web.archive.org/web/20260925130315/https://www.agisoft.com/forum/index.php?topic=12421.msg55331#msg55331	LIVE
https://www.agisoft.com/forum/index.php?topic=12426.msg56344#msg56344	forum_msg	https://web.archive.org/web/20260923113727/https://www.agisoft.com/forum/index.php?topic=12426.msg56344	LIVE
https://www.agisoft.com/forum/index.php?topic=1247.0	forum_thread	http://web.archive.org/web/20260422171358/https://www.agisoft.com/forum/index.php?topic=1247.0	LIVE
https://www.agisoft.com/forum/index.php?topic=12549.msg55731#msg55731	forum_msg	https://web.archive.org/web/20260923113830/https://www.agisoft.com/forum/index.php?topic=12549.msg55731	LIVE
https://www.agisoft.com/forum/index.php?topic=12553.0	forum_thread	http://web.archive.org/web/20260924190417/https://www.agisoft.com/forum/index.php?topic=12553.0	LIVE
https://www.agisoft.com/forum/index.php?topic=12553.msg55746#msg55746	forum_msg	https://web.archive.org/web/20260923203425/https://www.agisoft.com/forum/index.php?topic=12553.msg55746	LIVE
https://www.agisoft.com/forum/index.php?topic=12581.0	forum_thread	https://web.archive.org/web/20260925130349/https://www.agisoft.com/forum/index.php?topic=12581.0	LIVE
https://www.agisoft.com/forum/index.php?topic=12581.msg55852#msg55852	forum_msg	https://web.archive.org/web/20260923203438/https://www.agisoft.com/forum/index.php?topic=12581.msg55852	LIVE
https://www.agisoft.com/forum/index.php?topic=12596.0	forum_thread	http://web.archive.org/web/20221126200721/https://www.agisoft.com/forum/index.php?topic=12596.0	LIVE
https://www.agisoft.com/forum/index.php?topic=12596.msg56131#msg56131	forum_msg	https://web.archive.org/web/20260923203509/https://www.agisoft.com/forum/index.php?topic=12596.msg56131	LIVE
https://www.agisoft.com/forum/index.php?topic=12596.msg56684#msg56684	forum_msg	https://web.archive.org/web/20260923113848/https://www.agisoft.com/forum/index.php?topic=12596.msg56684	LIVE
https://www.agisoft.com/forum/index.php?topic=12602.msg66936#msg66936	forum_msg	https://web.archive.org/web/20260923203600/https://www.agisoft.com/forum/index.php?topic=12602.msg66936	LIVE
https://www.agisoft.com/forum/index.php?topic=12603.msg55985#msg55985	forum_msg	https://web.archive.org/web/20260923203620/https://www.agisoft.com/forum/index.php?topic=12603.msg55985	LIVE
https://www.agisoft.com/forum/index.php?topic=12653.msg57275#msg57275	forum_msg	https://web.archive.org/web/20260923114020/https://www.agisoft.com/forum/index.php?topic=12653.msg57275	LIVE
https://www.agisoft.com/forum/index.php?topic=12730.0	forum_thread	http://web.archive.org/web/20251211154709/https://www.agisoft.com/forum/index.php?topic=12730.0	LIVE
https://www.agisoft.com/forum/index.php?topic=12813.msg56813#msg56813	forum_msg	https://web.archive.org/web/20260923203711/https://www.agisoft.com/forum/index.php?topic=12813.msg56813	LIVE
https://www.agisoft.com/forum/index.php?topic=12813.msg57218#msg57218	forum_msg	https://web.archive.org/web/20260923203750/https://www.agisoft.com/forum/index.php?topic=12813.msg57218	LIVE
https://www.agisoft.com/forum/index.php?topic=12852.0	forum_thread	http://web.archive.org/web/20260924185801/https://www.agisoft.com/forum/index.php?topic=12852.0	LIVE
https://www.agisoft.com/forum/index.php?topic=12852.msg56975#msg56975	forum_msg	https://web.archive.org/web/20260923114030/https://www.agisoft.com/forum/index.php?topic=12852.msg56975	LIVE
https://www.agisoft.com/forum/index.php?topic=13047.0	forum_thread	http://web.archive.org/web/20250907022109/https://www.agisoft.com/forum/index.php?topic=13047.0	LIVE
https://www.agisoft.com/forum/index.php?topic=13047.msg57887#msg57887	forum_msg	https://web.archive.org/web/20260923203832/https://www.agisoft.com/forum/index.php?topic=13047.msg57887	LIVE
https://www.agisoft.com/forum/index.php?topic=13066.msg58847#msg58847	forum_msg	https://web.archive.org/web/20260923203852/https://www.agisoft.com/forum/index.php?topic=13066.msg58847	LIVE
https://www.agisoft.com/forum/index.php?topic=13079.msg58789#msg58789	forum_msg	https://web.archive.org/web/20260923203923/https://www.agisoft.com/forum/index.php?topic=13079.msg58789	LIVE
https://www.agisoft.com/forum/index.php?topic=13079.msg59330#msg59330	forum_msg	https://web.archive.org/web/20260923203946/https://www.agisoft.com/forum/index.php?topic=13079.msg59330	LIVE
https://www.agisoft.com/forum/index.php?topic=13221.msg58683#msg58683	forum_msg	https://web.archive.org/web/20260923204016/https://www.agisoft.com/forum/index.php?topic=13221.msg58683	LIVE
https://www.agisoft.com/forum/index.php?topic=13387.0	forum_thread	http://web.archive.org/web/20250709030042/https://www.agisoft.com/forum/index.php?topic=13387.0	LIVE
https://www.agisoft.com/forum/index.php?topic=13684.0	forum_thread	http://web.archive.org/web/20260508123018/https://www.agisoft.com/forum/index.php?topic=13684.0	LIVE
https://www.agisoft.com/forum/index.php?topic=13736.0	forum_thread	http://web.archive.org/web/20251115090519/https://www.agisoft.com/forum/index.php?topic=13736.0	LIVE
https://www.agisoft.com/forum/index.php?topic=13736.msg61603#msg61603	forum_msg	https://web.archive.org/web/20260923204037/https://www.agisoft.com/forum/index.php?topic=13736.msg61603	LIVE
https://www.agisoft.com/forum/index.php?topic=13736.msg61615#msg61615	forum_msg	https://web.archive.org/web/20260923204108/https://www.agisoft.com/forum/index.php?topic=13736.msg61615	LIVE
https://www.agisoft.com/forum/index.php?topic=13736.msg61623#msg61623	forum_msg	https://web.archive.org/web/20260923204129/https://www.agisoft.com/forum/index.php?topic=13736.msg61623	LIVE
https://www.agisoft.com/forum/index.php?topic=13821.msg61023#msg61023	forum_msg	https://web.archive.org/web/20260923204201/https://www.agisoft.com/forum/index.php?topic=13821.msg61023	LIVE
https://www.agisoft.com/forum/index.php?topic=141.0	forum_thread	http://web.archive.org/web/20250711214452/https://www.agisoft.com/forum/index.php?topic=141.0	LIVE
https://www.agisoft.com/forum/index.php?topic=14141.0	forum_thread	http://web.archive.org/web/20231207194409/https://www.agisoft.com/forum/index.php?topic=14141.0	LIVE
https://www.agisoft.com/forum/index.php?topic=14141.msg62343#msg62343	forum_msg	https://web.archive.org/web/20260923204222/https://www.agisoft.com/forum/index.php?topic=14141.msg62343	LIVE
https://www.agisoft.com/forum/index.php?topic=14141.msg63027#msg63027	forum_msg	https://web.archive.org/web/20260923204253/https://www.agisoft.com/forum/index.php?topic=14141.msg63027	LIVE
https://www.agisoft.com/forum/index.php?topic=14150.msg63645#msg63645	forum_msg	https://web.archive.org/web/20260923204312/https://www.agisoft.com/forum/index.php?topic=14150.msg63645	LIVE
https://www.agisoft.com/forum/index.php?topic=14192.msg62499#msg62499	forum_msg	https://web.archive.org/web/20260923204343/https://www.agisoft.com/forum/index.php?topic=14192.msg62499	LIVE
https://www.agisoft.com/forum/index.php?topic=14192.msg62502#msg62502	forum_msg	https://web.archive.org/web/20260923204405/https://www.agisoft.com/forum/index.php?topic=14192.msg62502	LIVE
https://www.agisoft.com/forum/index.php?topic=14192.msg63403#msg63403	forum_msg	https://web.archive.org/web/20260923204437/https://www.agisoft.com/forum/index.php?topic=14192.msg63403	LIVE
https://www.agisoft.com/forum/index.php?topic=14222.msg63988#msg63988	forum_msg	https://web.archive.org/web/20260923204456/https://www.agisoft.com/forum/index.php?topic=14222.msg63988	LIVE
https://www.agisoft.com/forum/index.php?topic=14251.0	forum_thread	http://web.archive.org/web/20250713170247/https://www.agisoft.com/forum/index.php?topic=14251.0	LIVE
https://www.agisoft.com/forum/index.php?topic=14276.0	forum_thread	http://web.archive.org/web/20260924190521/https://www.agisoft.com/forum/index.php?topic=14276.0	LIVE
https://www.agisoft.com/forum/index.php?topic=14276.msg62809#msg62809	forum_msg	https://web.archive.org/web/20260923114516/https://www.agisoft.com/forum/index.php?topic=14276.msg62809	LIVE
https://www.agisoft.com/forum/index.php?topic=14276.msg63132#msg63132	forum_msg	https://web.archive.org/web/20260923114539/https://www.agisoft.com/forum/index.php?topic=14276.msg63132	LIVE
https://www.agisoft.com/forum/index.php?topic=14317.msg63021#msg63021	forum_msg	https://web.archive.org/web/20260923204621/https://www.agisoft.com/forum/index.php?topic=14317.msg63021	LIVE
https://www.agisoft.com/forum/index.php?topic=14381.msg63268#msg63268	forum_msg	https://web.archive.org/web/20251205183234/https://www.agisoft.com/forum/index.php?topic=14381.msg63268	LIVE
https://www.agisoft.com/forum/index.php?topic=14381.msg63972#msg63972	forum_msg	https://web.archive.org/web/20260923204642/https://www.agisoft.com/forum/index.php?topic=14381.msg63972	LIVE
https://www.agisoft.com/forum/index.php?topic=14382.0	forum_thread	http://web.archive.org/web/20260506144332/https://www.agisoft.com/forum/index.php?topic=14382.0	LIVE
https://www.agisoft.com/forum/index.php?topic=14382.msg63242#msg63242	forum_msg	https://web.archive.org/web/20260923204745/https://www.agisoft.com/forum/index.php?topic=14382.msg63242	LIVE
https://www.agisoft.com/forum/index.php?topic=14453.0	forum_thread	http://web.archive.org/web/20250620201529/https://www.agisoft.com/forum/index.php?topic=14453.0	LIVE
https://www.agisoft.com/forum/index.php?topic=14480.0	forum_thread	http://web.archive.org/web/20250713022830/https://www.agisoft.com/forum/index.php?topic=14480.0	LIVE
https://www.agisoft.com/forum/index.php?topic=14480.msg63654#msg63654	forum_msg	https://web.archive.org/web/20260923114657/https://www.agisoft.com/forum/index.php?topic=14480.msg63654	LIVE
https://www.agisoft.com/forum/index.php?topic=14503.0	forum_thread	http://web.archive.org/web/20260614000529/https://www.agisoft.com/forum/index.php?topic=14503.0	LIVE
https://www.agisoft.com/forum/index.php?topic=14526.msg64060#msg64060	forum_msg	https://web.archive.org/web/20260923204805/https://www.agisoft.com/forum/index.php?topic=14526.msg64060	LIVE
https://www.agisoft.com/forum/index.php?topic=14670.0	forum_thread	http://web.archive.org/web/20260219010842/https://www.agisoft.com/forum/index.php?topic=14670.0	LIVE
https://www.agisoft.com/forum/index.php?topic=14670.msg64472#msg64472	forum_msg	https://web.archive.org/web/20260923204832/https://www.agisoft.com/forum/index.php?topic=14670.msg64472	LIVE
https://www.agisoft.com/forum/index.php?topic=14670.msg73828#msg73828	forum_msg	https://web.archive.org/web/20260923204855/https://www.agisoft.com/forum/index.php?topic=14670.msg73828	LIVE
https://www.agisoft.com/forum/index.php?topic=14738.0	forum_thread	http://web.archive.org/web/20260416105221/https://www.agisoft.com/forum/index.php?topic=14738.0	LIVE
https://www.agisoft.com/forum/index.php?topic=14738.msg64636#msg64636	forum_msg	https://web.archive.org/web/20260923204915/https://www.agisoft.com/forum/index.php?topic=14738.msg64636	LIVE
https://www.agisoft.com/forum/index.php?topic=14821.msg64950#msg64950	forum_msg	https://web.archive.org/web/20260923204947/https://www.agisoft.com/forum/index.php?topic=14821.msg64950	LIVE
https://www.agisoft.com/forum/index.php?topic=14821.msg66108#msg66108	forum_msg	https://web.archive.org/web/20260925130425/https://www.agisoft.com/forum/index.php?topic=14821.msg66108#msg66108	LIVE
https://www.agisoft.com/forum/index.php?topic=15017.msg66716#msg66716	forum_msg	https://web.archive.org/web/20260923205037/https://www.agisoft.com/forum/index.php?topic=15017.msg66716	LIVE
https://www.agisoft.com/forum/index.php?topic=15021.0	forum_thread	http://web.archive.org/web/20251208231627/https://www.agisoft.com/forum/index.php?topic=15021.0	LIVE
https://www.agisoft.com/forum/index.php?topic=1505.0	forum_thread	http://web.archive.org/web/20260924190520/https://www.agisoft.com/forum/index.php?topic=1505.0	LIVE
https://www.agisoft.com/forum/index.php?topic=1505.msg7674#msg7674	forum_msg	https://web.archive.org/web/20260925130501/https://www.agisoft.com/forum/index.php?topic=1505.msg7674#msg7674	LIVE
https://www.agisoft.com/forum/index.php?topic=1505.msg7916#msg7916	forum_msg	https://web.archive.org/web/20260923205132/https://www.agisoft.com/forum/index.php?topic=1505.msg7916	LIVE
https://www.agisoft.com/forum/index.php?topic=1505.msg7934#msg7934	forum_msg	https://web.archive.org/web/20260923205148/https://www.agisoft.com/forum/index.php?topic=1505.msg7934	LIVE
https://www.agisoft.com/forum/index.php?topic=15053.0	forum_thread	http://web.archive.org/web/20260924190612/https://www.agisoft.com/forum/index.php?topic=15053.0	LIVE
https://www.agisoft.com/forum/index.php?topic=15053.msg65810#msg65810	forum_msg	https://web.archive.org/web/20260923205219/https://www.agisoft.com/forum/index.php?topic=15053.msg65810	LIVE
https://www.agisoft.com/forum/index.php?topic=15240.msg66874#msg66874	forum_msg	https://web.archive.org/web/20260923205238/https://www.agisoft.com/forum/index.php?topic=15240.msg66874	LIVE
https://www.agisoft.com/forum/index.php?topic=1526.0	forum_thread	http://web.archive.org/web/20180725172129/http://www.agisoft.com:80/forum/index.php?topic=1526.0	LIVE
https://www.agisoft.com/forum/index.php?topic=1526.msg7833#msg7833	forum_msg	https://web.archive.org/web/20260923115042/https://www.agisoft.com/forum/index.php?topic=1526.msg7833	LIVE
https://www.agisoft.com/forum/index.php?topic=15418.0	forum_thread	http://web.archive.org/web/20260924190643/https://www.agisoft.com/forum/index.php?topic=15418.0	LIVE
https://www.agisoft.com/forum/index.php?topic=15490.0	forum_thread	https://web.archive.org/web/20260925130634/https://www.agisoft.com/forum/index.php?topic=15490.0	LIVE
https://www.agisoft.com/forum/index.php?topic=15490.msg67279#msg67279	forum_msg	https://web.archive.org/web/20260923205329/https://www.agisoft.com/forum/index.php?topic=15490.msg67279	LIVE
https://www.agisoft.com/forum/index.php?topic=15721.0	forum_thread	http://web.archive.org/web/20260924190722/https://www.agisoft.com/forum/index.php?topic=15721.0	LIVE
https://www.agisoft.com/forum/index.php?topic=15721.msg68018#msg68018	forum_msg	https://web.archive.org/web/20260923205400/https://www.agisoft.com/forum/index.php?topic=15721.msg68018	LIVE
https://www.agisoft.com/forum/index.php?topic=15903.0	forum_thread	http://web.archive.org/web/20251018065907/https://www.agisoft.com/forum/index.php?topic=15903.0	LIVE
https://www.agisoft.com/forum/index.php?topic=15903.msg68616#msg68616	forum_msg	https://web.archive.org/web/20260923205427/https://www.agisoft.com/forum/index.php?topic=15903.msg68616	LIVE
https://www.agisoft.com/forum/index.php?topic=15903.msg68784#msg68784	forum_msg	https://web.archive.org/web/20260923205451/https://www.agisoft.com/forum/index.php?topic=15903.msg68784	LIVE
https://www.agisoft.com/forum/index.php?topic=15903.msg69015#msg69015	forum_msg	https://web.archive.org/web/20260923205510/https://www.agisoft.com/forum/index.php?topic=15903.msg69015	LIVE
https://www.agisoft.com/forum/index.php?topic=15903.msg69649#msg69649	forum_msg	https://web.archive.org/web/20260923205550/https://www.agisoft.com/forum/index.php?topic=15903.msg69649	LIVE
https://www.agisoft.com/forum/index.php?topic=15903.msg70291#msg70291	forum_msg	https://web.archive.org/web/20260923205602/https://www.agisoft.com/forum/index.php?topic=15903.msg70291	LIVE
https://www.agisoft.com/forum/index.php?topic=15903.msg72205#msg72205	forum_msg	https://web.archive.org/web/20260923205632/https://www.agisoft.com/forum/index.php?topic=15903.msg72205	LIVE
https://www.agisoft.com/forum/index.php?topic=15960.0	forum_thread	http://web.archive.org/web/20260515162448/https://www.agisoft.com/forum/index.php?topic=15960.0	LIVE
https://www.agisoft.com/forum/index.php?topic=15960.msg68783#msg68783	forum_msg	https://web.archive.org/web/20260923205654/https://www.agisoft.com/forum/index.php?topic=15960.msg68783	LIVE
https://www.agisoft.com/forum/index.php?topic=16013.0	forum_thread	http://web.archive.org/web/20260924185902/https://www.agisoft.com/forum/index.php?topic=16013.0	LIVE
https://www.agisoft.com/forum/index.php?topic=16013.msg68965#msg68965	forum_msg	https://web.archive.org/web/20260923205822/https://www.agisoft.com/forum/index.php?topic=16013.msg68965	LIVE
https://www.agisoft.com/forum/index.php?topic=16015.msg68969#msg68969	forum_msg	https://web.archive.org/web/20260923205748/https://www.agisoft.com/forum/index.php?topic=16015.msg68969	LIVE
https://www.agisoft.com/forum/index.php?topic=16015.msg72350#msg72350	forum_msg	https://web.archive.org/web/20260923205818/https://www.agisoft.com/forum/index.php?topic=16015.msg72350	LIVE
https://www.agisoft.com/forum/index.php?topic=16052.0	forum_thread	http://web.archive.org/web/20260924185815/https://www.agisoft.com/forum/index.php?topic=16052.0	LIVE
https://www.agisoft.com/forum/index.php?topic=16091.msg69300#msg69300	forum_msg	https://web.archive.org/web/20260923115416/https://www.agisoft.com/forum/index.php?topic=16091.msg69300	LIVE
https://www.agisoft.com/forum/index.php?topic=16395.0	forum_thread	http://web.archive.org/web/20260924185821/https://www.agisoft.com/forum/index.php?topic=16395.0	LIVE
https://www.agisoft.com/forum/index.php?topic=16481.msg70795#msg70795	forum_msg	https://web.archive.org/web/20260923205917/https://www.agisoft.com/forum/index.php?topic=16481.msg70795	LIVE
https://www.agisoft.com/forum/index.php?topic=16481.msg72862#msg72862	forum_msg	https://web.archive.org/web/20260923205937/https://www.agisoft.com/forum/index.php?topic=16481.msg72862	LIVE
https://www.agisoft.com/forum/index.php?topic=16516.msg70934#msg70934	forum_msg	https://web.archive.org/web/20260923210020/https://www.agisoft.com/forum/index.php?topic=16516.msg70934	LIVE
https://www.agisoft.com/forum/index.php?topic=16745.0	forum_thread	http://web.archive.org/web/20250907151047/https://www.agisoft.com/forum/index.php?topic=16745.0	LIVE
https://www.agisoft.com/forum/index.php?topic=16745.msg71715#msg71715	forum_msg	https://web.archive.org/web/20260923115522/https://www.agisoft.com/forum/index.php?topic=16745.msg71715	LIVE
https://www.agisoft.com/forum/index.php?topic=16745.msg71933#msg71933	forum_msg	https://web.archive.org/web/20260923210105/https://www.agisoft.com/forum/index.php?topic=16745.msg71933	LIVE
https://www.agisoft.com/forum/index.php?topic=16745.msg72257#msg72257	forum_msg	https://web.archive.org/web/20260923210135/https://www.agisoft.com/forum/index.php?topic=16745.msg72257	LIVE
https://www.agisoft.com/forum/index.php?topic=16909.0	forum_thread	https://web.archive.org/web/20260925130613/https://www.agisoft.com/forum/index.php?topic=16909.0	LIVE
https://www.agisoft.com/forum/index.php?topic=17079.0	forum_thread	http://web.archive.org/web/20260924190823/https://www.agisoft.com/forum/index.php?topic=17079.0	LIVE
https://www.agisoft.com/forum/index.php?topic=17352.0	forum_thread	https://web.archive.org/web/20260925130648/https://www.agisoft.com/forum/index.php?topic=17352.0	LIVE
https://www.agisoft.com/forum/index.php?topic=17357.0	forum_thread	https://web.archive.org/web/20260925130812/https://www.agisoft.com/forum/index.php?topic=17357.0	LIVE
https://www.agisoft.com/forum/index.php?topic=17357.msg74309#msg74309	forum_msg	https://web.archive.org/web/20260923210158/https://www.agisoft.com/forum/index.php?topic=17357.msg74309	LIVE
https://www.agisoft.com/forum/index.php?topic=17361.msg74418#msg74418	forum_msg	https://web.archive.org/web/20260925130803/https://www.agisoft.com/forum/index.php?topic=17361.msg74418#msg74418	LIVE
https://www.agisoft.com/forum/index.php?topic=17361.msg74472#msg74472	forum_msg	https://web.archive.org/web/20260923210250/https://www.agisoft.com/forum/index.php?topic=17361.msg74472	LIVE
https://www.agisoft.com/forum/index.php?topic=17361.msg74558#msg74558	forum_msg	https://web.archive.org/web/20260925130902/https://www.agisoft.com/forum/index.php?topic=17361.msg74558#msg74558	LIVE
https://www.agisoft.com/forum/index.php?topic=17361.msg74561#msg74561	forum_msg	https://web.archive.org/web/20260923210343/https://www.agisoft.com/forum/index.php?topic=17361.msg74561	LIVE
https://www.agisoft.com/forum/index.php?topic=17361.msg74566#msg74566	forum_msg	https://web.archive.org/web/20260923210403/https://www.agisoft.com/forum/index.php?topic=17361.msg74566	LIVE
https://www.agisoft.com/forum/index.php?topic=17361.msg74630#msg74630	forum_msg	https://web.archive.org/web/20260923210440/https://www.agisoft.com/forum/index.php?topic=17361.msg74630	LIVE
https://www.agisoft.com/forum/index.php?topic=17411.0	forum_thread	http://web.archive.org/web/20260924190956/https://www.agisoft.com/forum/index.php?topic=17411.0	LIVE
https://www.agisoft.com/forum/index.php?topic=17434.0	forum_thread	http://web.archive.org/web/20251231080345/https://www.agisoft.com/forum/index.php?topic=17434.0	LIVE
https://www.agisoft.com/forum/index.php?topic=17434.msg74607#msg74607	forum_msg	https://web.archive.org/web/20260923210458/https://www.agisoft.com/forum/index.php?topic=17434.msg74607	LIVE
https://www.agisoft.com/forum/index.php?topic=17446.0	forum_thread	http://web.archive.org/web/20260312003849/https://www.agisoft.com/forum/index.php?topic=17446.0	LIVE
https://www.agisoft.com/forum/index.php?topic=17446.msg135648#msg135648	forum_msg	https://web.archive.org/web/20260923210526/https://www.agisoft.com/forum/index.php?topic=17446.msg135648	LIVE
https://www.agisoft.com/forum/index.php?topic=1748.0	forum_thread	http://web.archive.org/web/20251115115246/https://www.agisoft.com/forum/index.php?topic=1748.0	LIVE
https://www.agisoft.com/forum/index.php?topic=17579.0	forum_thread	http://web.archive.org/web/20260924191027/https://www.agisoft.com/forum/index.php?topic=17579.0	LIVE
https://www.agisoft.com/forum/index.php?topic=17580.0	forum_thread	http://web.archive.org/web/20260924185909/https://www.agisoft.com/forum/index.php?topic=17580.0	LIVE
https://www.agisoft.com/forum/index.php?topic=17581.0	forum_thread	http://web.archive.org/web/20260924185916/https://www.agisoft.com/forum/index.php?topic=17581.0	LIVE
https://www.agisoft.com/forum/index.php?topic=17595.0	forum_thread	http://web.archive.org/web/20260924185923/https://www.agisoft.com/forum/index.php?topic=17595.0	LIVE
https://www.agisoft.com/forum/index.php?topic=1868.msg17853#msg17853	forum_msg	https://web.archive.org/web/20260923210559/https://www.agisoft.com/forum/index.php?topic=1868.msg17853	LIVE
https://www.agisoft.com/forum/index.php?topic=1886.msg10041#msg10041	forum_msg	https://web.archive.org/web/20260923210616/https://www.agisoft.com/forum/index.php?topic=1886.msg10041	LIVE
https://www.agisoft.com/forum/index.php?topic=1886.msg15464#msg15464	forum_msg	https://web.archive.org/web/20260117075435/https://www.agisoft.com/forum/index.php?topic=1886.msg15464	LIVE
https://www.agisoft.com/forum/index.php?topic=1886.msg16605#msg16605	forum_msg	https://web.archive.org/web/20260923210637/https://www.agisoft.com/forum/index.php?topic=1886.msg16605	LIVE
https://www.agisoft.com/forum/index.php?topic=2104.0	forum_thread	http://web.archive.org/web/20260924191116/https://www.agisoft.com/forum/index.php?topic=2104.0	LIVE
https://www.agisoft.com/forum/index.php?topic=2104.msg10551#msg10551	forum_msg	https://web.archive.org/web/20260923115956/https://www.agisoft.com/forum/index.php?topic=2104.msg10551	LIVE
https://www.agisoft.com/forum/index.php?topic=2150.0	forum_thread	http://web.archive.org/web/20260924191212/https://www.agisoft.com/forum/index.php?topic=2150.0	LIVE
https://www.agisoft.com/forum/index.php?topic=2150.msg11404#msg11404	forum_msg	https://web.archive.org/web/20260923210757/https://www.agisoft.com/forum/index.php?topic=2150.msg11404	LIVE
https://www.agisoft.com/forum/index.php?topic=2314.0	forum_thread	http://web.archive.org/web/20260924191159/https://www.agisoft.com/forum/index.php?topic=2314.0	LIVE
https://www.agisoft.com/forum/index.php?topic=2314.msg12352#msg12352	forum_msg	https://web.archive.org/web/20260925130913/https://www.agisoft.com/forum/index.php?topic=2314.msg12352#msg12352	LIVE
https://www.agisoft.com/forum/index.php?topic=232.0	forum_thread	http://web.archive.org/web/20260315115411/https://www.agisoft.com/forum/index.php?topic=232.0	LIVE
https://www.agisoft.com/forum/index.php?topic=232.msg949#msg949	forum_msg	https://web.archive.org/web/20260923210818/https://www.agisoft.com/forum/index.php?topic=232.msg949	LIVE
https://www.agisoft.com/forum/index.php?topic=2572.0	forum_thread	http://web.archive.org/web/20260924191230/https://www.agisoft.com/forum/index.php?topic=2572.0	LIVE
https://www.agisoft.com/forum/index.php?topic=2572.msg13156#msg13156	forum_msg	https://web.archive.org/web/20260923210850/https://www.agisoft.com/forum/index.php?topic=2572.msg13156	LIVE
https://www.agisoft.com/forum/index.php?topic=2587.0	forum_thread	https://web.archive.org/web/20260925130949/https://www.agisoft.com/forum/index.php?topic=2587.0	LIVE
https://www.agisoft.com/forum/index.php?topic=2587.msg13713#msg13713	forum_msg	https://web.archive.org/web/20260923210908/https://www.agisoft.com/forum/index.php?topic=2587.msg13713	LIVE
https://www.agisoft.com/forum/index.php?topic=2587.msg13735#msg13735	forum_msg	https://web.archive.org/web/20260923120131/https://www.agisoft.com/forum/index.php?topic=2587.msg13735	LIVE
https://www.agisoft.com/forum/index.php?topic=2587.msg14130#msg14130	forum_msg	https://web.archive.org/web/20260923211000/https://www.agisoft.com/forum/index.php?topic=2587.msg14130	LIVE
https://www.agisoft.com/forum/index.php?topic=2587.msg14153#msg14153	forum_msg	https://web.archive.org/web/20260923211030/https://www.agisoft.com/forum/index.php?topic=2587.msg14153	LIVE
https://www.agisoft.com/forum/index.php?topic=2587.msg14663#msg14663	forum_msg	https://web.archive.org/web/20260923211057/https://www.agisoft.com/forum/index.php?topic=2587.msg14663	LIVE
https://www.agisoft.com/forum/index.php?topic=2666.0	forum_thread	http://web.archive.org/web/20260617163843/https://www.agisoft.com/forum/index.php?topic=2666.0	LIVE
https://www.agisoft.com/forum/index.php?topic=2728.0	forum_thread	http://web.archive.org/web/20250319162640/https://www.agisoft.com/forum/index.php?topic=2728.0	LIVE
https://www.agisoft.com/forum/index.php?topic=2728.msg14454#msg14454	forum_msg	https://web.archive.org/web/20260923211214/https://www.agisoft.com/forum/index.php?topic=2728.msg14454	LIVE
https://www.agisoft.com/forum/index.php?topic=2768.0	forum_thread	http://web.archive.org/web/20260314171947/https://www.agisoft.com/forum/index.php?topic=2768.0	LIVE
https://www.agisoft.com/forum/index.php?topic=2768.msg14648#msg14648	forum_msg	https://web.archive.org/web/20260923211142/https://www.agisoft.com/forum/index.php?topic=2768.msg14648	LIVE
https://www.agisoft.com/forum/index.php?topic=2768.msg32898#msg32898	forum_msg	https://web.archive.org/web/20260412201806/https://www.agisoft.com/forum/index.php?topic=2768.msg32898	LIVE
https://www.agisoft.com/forum/index.php?topic=2901.0	forum_thread	http://web.archive.org/web/20260924191331/https://www.agisoft.com/forum/index.php?topic=2901.0	LIVE
https://www.agisoft.com/forum/index.php?topic=2901.msg15355#msg15355	forum_msg	https://web.archive.org/web/20260923211212/https://www.agisoft.com/forum/index.php?topic=2901.msg15355	LIVE
https://www.agisoft.com/forum/index.php?topic=2901.msg17239#msg17239	forum_msg	https://web.archive.org/web/20260923211300/https://www.agisoft.com/forum/index.php?topic=2901.msg17239	LIVE
https://www.agisoft.com/forum/index.php?topic=2901.msg17259#msg17259	forum_msg	https://web.archive.org/web/20260923211303/https://www.agisoft.com/forum/index.php?topic=2901.msg17259	LIVE
https://www.agisoft.com/forum/index.php?topic=2901.msg17322#msg17322	forum_msg	https://web.archive.org/web/20260923211325/https://www.agisoft.com/forum/index.php?topic=2901.msg17322	LIVE
https://www.agisoft.com/forum/index.php?topic=2901.msg17372#msg17372	forum_msg	https://web.archive.org/web/20260923211354/https://www.agisoft.com/forum/index.php?topic=2901.msg17372	LIVE
https://www.agisoft.com/forum/index.php?topic=3008.0	forum_thread	http://web.archive.org/web/20250809123127/https://www.agisoft.com/forum/index.php?topic=3008.0	LIVE
https://www.agisoft.com/forum/index.php?topic=3071.0	forum_thread	http://web.archive.org/web/20240423121754/https://www.agisoft.com/forum/index.php?topic=3071.0	LIVE
https://www.agisoft.com/forum/index.php?topic=3071.msg14934#msg14934	forum_msg	https://web.archive.org/web/20260923211416/https://www.agisoft.com/forum/index.php?topic=3071.msg14934	LIVE
https://www.agisoft.com/forum/index.php?topic=3071.msg14975#msg14975	forum_msg	https://web.archive.org/web/20260923120516/https://www.agisoft.com/forum/index.php?topic=3071.msg14975	LIVE
https://www.agisoft.com/forum/index.php?topic=3071.msg16225#msg16225	forum_msg	https://web.archive.org/web/20260923211507/https://www.agisoft.com/forum/index.php?topic=3071.msg16225	LIVE
https://www.agisoft.com/forum/index.php?topic=335.msg1353#msg1353	forum_msg	https://web.archive.org/web/20260923211538/https://www.agisoft.com/forum/index.php?topic=335.msg1353	LIVE
https://www.agisoft.com/forum/index.php?topic=3351.0	forum_thread	http://web.archive.org/web/20260313233658/https://www.agisoft.com/forum/index.php?topic=3351.0	LIVE
https://www.agisoft.com/forum/index.php?topic=3351.msg17511#msg17511	forum_msg	https://web.archive.org/web/20260923211558/https://www.agisoft.com/forum/index.php?topic=3351.msg17511	LIVE
https://www.agisoft.com/forum/index.php?topic=3351.msg17530#msg17530	forum_msg	https://web.archive.org/web/20260923120622/https://www.agisoft.com/forum/index.php?topic=3351.msg17530	LIVE
https://www.agisoft.com/forum/index.php?topic=3371.0	forum_thread	http://web.archive.org/web/20260924190016/https://www.agisoft.com/forum/index.php?topic=3371.0	LIVE
https://www.agisoft.com/forum/index.php?topic=3371.msg17724#msg17724	forum_msg	https://web.archive.org/web/20260923120649/https://www.agisoft.com/forum/index.php?topic=3371.msg17724	LIVE
https://www.agisoft.com/forum/index.php?topic=3525.0	forum_thread	http://web.archive.org/web/20260924190023/https://www.agisoft.com/forum/index.php?topic=3525.0	LIVE
https://www.agisoft.com/forum/index.php?topic=3525.msg18949#msg18949	forum_msg	https://web.archive.org/web/20260923211727/https://www.agisoft.com/forum/index.php?topic=3525.msg18949	LIVE
https://www.agisoft.com/forum/index.php?topic=3599.0	forum_thread	http://web.archive.org/web/20260307183109/https://www.agisoft.com/forum/index.php?topic=3599.0	LIVE
https://www.agisoft.com/forum/index.php?topic=3599.msg18062#msg18062	forum_msg	https://web.archive.org/web/20260923211746/https://www.agisoft.com/forum/index.php?topic=3599.msg18062	LIVE
https://www.agisoft.com/forum/index.php?topic=3849.0	forum_thread	http://web.archive.org/web/20260218055624/https://www.agisoft.com/forum/index.php?topic=3849.0	LIVE
https://www.agisoft.com/forum/index.php?topic=3901.0	forum_thread	http://web.archive.org/web/20260606035832/https://www.agisoft.com/forum/index.php?topic=3901.0	LIVE
https://www.agisoft.com/forum/index.php?topic=3996.0	forum_thread	http://web.archive.org/web/20260314232436/https://www.agisoft.com/forum/index.php?topic=3996.0	LIVE
https://www.agisoft.com/forum/index.php?topic=3996.msg22403#msg22403	forum_msg	https://web.archive.org/web/20260923211810/https://www.agisoft.com/forum/index.php?topic=3996.msg22403	LIVE
https://www.agisoft.com/forum/index.php?topic=3996.msg25940#msg25940	forum_msg	https://web.archive.org/web/20260923211830/https://www.agisoft.com/forum/index.php?topic=3996.msg25940	LIVE
https://www.agisoft.com/forum/index.php?topic=3996.msg28868#msg28868	forum_msg	https://web.archive.org/web/20260923211901/https://www.agisoft.com/forum/index.php?topic=3996.msg28868	LIVE
https://www.agisoft.com/forum/index.php?topic=4425.0	forum_thread	http://web.archive.org/web/20260924191450/https://www.agisoft.com/forum/index.php?topic=4425.0	LIVE
https://www.agisoft.com/forum/index.php?topic=4443.msg22594#msg22594	forum_msg	https://web.archive.org/web/20260923211925/https://www.agisoft.com/forum/index.php?topic=4443.msg22594	LIVE
https://www.agisoft.com/forum/index.php?topic=4443.msg22617#msg22617	forum_msg	https://web.archive.org/web/20260923211952/https://www.agisoft.com/forum/index.php?topic=4443.msg22617	LIVE
https://www.agisoft.com/forum/index.php?topic=4443.msg22687#msg22687	forum_msg	https://web.archive.org/web/20260923212013/https://www.agisoft.com/forum/index.php?topic=4443.msg22687	LIVE
https://www.agisoft.com/forum/index.php?topic=4569.0	forum_thread	http://web.archive.org/web/20260924191441/https://www.agisoft.com/forum/index.php?topic=4569.0	LIVE
https://www.agisoft.com/forum/index.php?topic=4671.0	forum_thread	http://web.archive.org/web/20260924191516/https://www.agisoft.com/forum/index.php?topic=4671.0	LIVE
https://www.agisoft.com/forum/index.php?topic=4671.msg23593#msg23593	forum_msg	https://web.archive.org/web/20260923212045/https://www.agisoft.com/forum/index.php?topic=4671.msg23593	LIVE
https://www.agisoft.com/forum/index.php?topic=4745.msg23951#msg23951	forum_msg	https://web.archive.org/web/20260923212104/https://www.agisoft.com/forum/index.php?topic=4745.msg23951	LIVE
https://www.agisoft.com/forum/index.php?topic=4745.msg24131#msg24131	forum_msg	https://web.archive.org/web/20260925131024/https://www.agisoft.com/forum/index.php?topic=4745.msg24131#msg24131	LIVE
https://www.agisoft.com/forum/index.php?topic=4766.0	forum_thread	http://web.archive.org/web/20230627055552/https://www.agisoft.com/forum/index.php?topic=4766.0	LIVE
https://www.agisoft.com/forum/index.php?topic=4766.msg21024#msg21024	forum_msg	https://web.archive.org/web/20260923212202/https://www.agisoft.com/forum/index.php?topic=4766.msg21024	LIVE
https://www.agisoft.com/forum/index.php?topic=4841.msg24329#msg24329	forum_msg	https://web.archive.org/web/20260923212226/https://www.agisoft.com/forum/index.php?topic=4841.msg24329	LIVE
https://www.agisoft.com/forum/index.php?topic=4853.msg56725#msg56725	forum_msg	https://web.archive.org/web/20260923212246/https://www.agisoft.com/forum/index.php?topic=4853.msg56725	LIVE
https://www.agisoft.com/forum/index.php?topic=4901.msg24700#msg24700	forum_msg	https://web.archive.org/web/20260923212316/https://www.agisoft.com/forum/index.php?topic=4901.msg24700	LIVE
https://www.agisoft.com/forum/index.php?topic=4947.0	forum_thread	https://web.archive.org/web/20260925131101/https://www.agisoft.com/forum/index.php?topic=4947.0	LIVE
https://www.agisoft.com/forum/index.php?topic=4947.msg24735#msg24735	forum_msg	https://web.archive.org/web/20260923212336/https://www.agisoft.com/forum/index.php?topic=4947.msg24735	LIVE
https://www.agisoft.com/forum/index.php?topic=4947.msg24830#msg24830	forum_msg	https://web.archive.org/web/20260923212414/https://www.agisoft.com/forum/index.php?topic=4947.msg24830	LIVE
https://www.agisoft.com/forum/index.php?topic=5037.0	forum_thread	http://web.archive.org/web/20260422175500/https://www.agisoft.com/forum/index.php?topic=5037.0	LIVE
https://www.agisoft.com/forum/index.php?topic=5037.msg25059#msg25059	forum_msg	https://web.archive.org/web/20250805035920/https://www.agisoft.com/forum/index.php?topic=5037.msg25059	LIVE
https://www.agisoft.com/forum/index.php?topic=5037.msg25071#msg25071	forum_msg	https://web.archive.org/web/20260925131226/https://www.agisoft.com/forum/index.php?topic=5037.msg25071#msg25071	LIVE
https://www.agisoft.com/forum/index.php?topic=5037.msg25241#msg25241	forum_msg	https://web.archive.org/web/20260923212426/https://www.agisoft.com/forum/index.php?topic=5037.msg25241	LIVE
https://www.agisoft.com/forum/index.php?topic=5061.0	forum_thread	http://web.archive.org/web/20260924191612/https://www.agisoft.com/forum/index.php?topic=5061.0	LIVE
https://www.agisoft.com/forum/index.php?topic=5061.msg25163#msg25163	forum_msg	https://web.archive.org/web/20260923212456/https://www.agisoft.com/forum/index.php?topic=5061.msg25163	LIVE
https://www.agisoft.com/forum/index.php?topic=512.0	forum_thread	http://web.archive.org/web/20260924190152/https://www.agisoft.com/forum/index.php?topic=512.0	LIVE
https://www.agisoft.com/forum/index.php?topic=5255.msg26266#msg26266	forum_msg	https://web.archive.org/web/20260923212519/https://www.agisoft.com/forum/index.php?topic=5255.msg26266	LIVE
https://www.agisoft.com/forum/index.php?topic=5267.msg26529#msg26529	forum_msg	https://web.archive.org/web/20260923212550/https://www.agisoft.com/forum/index.php?topic=5267.msg26529	LIVE
https://www.agisoft.com/forum/index.php?topic=5359.0	forum_thread	http://web.archive.org/web/20260924190112/https://www.agisoft.com/forum/index.php?topic=5359.0	LIVE
https://www.agisoft.com/forum/index.php?topic=5359.msg26355#msg26355	forum_msg	https://web.archive.org/web/20260923212610/https://www.agisoft.com/forum/index.php?topic=5359.msg26355	LIVE
https://www.agisoft.com/forum/index.php?topic=5381.msg26475#msg26475	forum_msg	https://web.archive.org/web/20260925131212/https://www.agisoft.com/forum/index.php?topic=5381.msg26475#msg26475	LIVE
https://www.agisoft.com/forum/index.php?topic=5454.msg26770#msg26770	forum_msg	https://web.archive.org/web/20260923212702/https://www.agisoft.com/forum/index.php?topic=5454.msg26770	LIVE
https://www.agisoft.com/forum/index.php?topic=5454.msg26905#msg26905	forum_msg	https://web.archive.org/web/20260923212732/https://www.agisoft.com/forum/index.php?topic=5454.msg26905	LIVE
https://www.agisoft.com/forum/index.php?topic=5553.0	forum_thread	http://web.archive.org/web/20260924190229/https://www.agisoft.com/forum/index.php?topic=5553.0	LIVE
https://www.agisoft.com/forum/index.php?topic=5585.0	forum_thread	http://web.archive.org/web/20260515173307/https://www.agisoft.com/forum/index.php?topic=5585.0	LIVE
https://www.agisoft.com/forum/index.php?topic=5585.msg27299#msg27299	forum_msg	https://web.archive.org/web/20260923212753/https://www.agisoft.com/forum/index.php?topic=5585.msg27299	LIVE
https://www.agisoft.com/forum/index.php?topic=563.0	forum_thread	http://web.archive.org/web/20260924191636/https://www.agisoft.com/forum/index.php?topic=563.0	LIVE
https://www.agisoft.com/forum/index.php?topic=5837.0	forum_thread	http://web.archive.org/web/20250401075453/https://www.agisoft.com/forum/index.php?topic=5837.0	LIVE
https://www.agisoft.com/forum/index.php?topic=5837.msg28390#msg28390	forum_msg	https://web.archive.org/web/20260923212831/https://www.agisoft.com/forum/index.php?topic=5837.msg28390	LIVE
https://www.agisoft.com/forum/index.php?topic=600.msg2677#msg2677	forum_msg	https://web.archive.org/web/20260923212845/https://www.agisoft.com/forum/index.php?topic=600.msg2677	LIVE
https://www.agisoft.com/forum/index.php?topic=600.msg2893#msg2893	forum_msg	https://web.archive.org/web/20260923212919/https://www.agisoft.com/forum/index.php?topic=600.msg2893	LIVE
https://www.agisoft.com/forum/index.php?topic=6074.msg29487#msg29487	forum_msg	https://web.archive.org/web/20260925131248/https://www.agisoft.com/forum/index.php?topic=6074.msg29487#msg29487	LIVE
https://www.agisoft.com/forum/index.php?topic=6074.msg30401#msg30401	forum_msg	https://web.archive.org/web/20260923213007/https://www.agisoft.com/forum/index.php?topic=6074.msg30401	LIVE
https://www.agisoft.com/forum/index.php?topic=6074.msg30459#msg30459	forum_msg	https://web.archive.org/web/20260923213029/https://www.agisoft.com/forum/index.php?topic=6074.msg30459	LIVE
https://www.agisoft.com/forum/index.php?topic=6084.0	forum_thread	https://web.archive.org/web/20260925131414/https://www.agisoft.com/forum/index.php?topic=6084.0	LIVE
https://www.agisoft.com/forum/index.php?topic=6111.msg30095#msg30095	forum_msg	https://web.archive.org/web/20260923213100/https://www.agisoft.com/forum/index.php?topic=6111.msg30095	LIVE
https://www.agisoft.com/forum/index.php?topic=6126.0	forum_thread	http://web.archive.org/web/20260924191737/https://www.agisoft.com/forum/index.php?topic=6126.0	LIVE
https://www.agisoft.com/forum/index.php?topic=6147.msg30121#msg30121	forum_msg	https://web.archive.org/web/20260923213121/https://www.agisoft.com/forum/index.php?topic=6147.msg30121	LIVE
https://www.agisoft.com/forum/index.php?topic=6258.0	forum_thread	http://web.archive.org/web/20260924191808/https://www.agisoft.com/forum/index.php?topic=6258.0	LIVE
https://www.agisoft.com/forum/index.php?topic=6258.msg30236#msg30236	forum_msg	https://web.archive.org/web/20260923213151/https://www.agisoft.com/forum/index.php?topic=6258.msg30236	LIVE
https://www.agisoft.com/forum/index.php?topic=6306.0	forum_thread	http://web.archive.org/web/20260104063112/https://www.agisoft.com/forum/index.php?topic=6306.0	LIVE
https://www.agisoft.com/forum/index.php?topic=6306.msg30226#msg30226	forum_msg	https://web.archive.org/web/20260923213239/https://www.agisoft.com/forum/index.php?topic=6306.msg30226	LIVE
https://www.agisoft.com/forum/index.php?topic=6306.msg30227#msg30227	forum_msg	https://web.archive.org/web/20260923213250/https://www.agisoft.com/forum/index.php?topic=6306.msg30227	LIVE
https://www.agisoft.com/forum/index.php?topic=6306.msg30456#msg30456	forum_msg	https://web.archive.org/web/20260923213418/https://www.agisoft.com/forum/index.php?topic=6306.msg30456	LIVE
https://www.agisoft.com/forum/index.php?topic=6306.msg30457#msg30457	forum_msg	https://web.archive.org/web/20260923213534/https://www.agisoft.com/forum/index.php?topic=6306.msg30457	LIVE
https://www.agisoft.com/forum/index.php?topic=6306.msg30719#msg30719	forum_msg	https://web.archive.org/web/20260923213514/https://www.agisoft.com/forum/index.php?topic=6306.msg30719	LIVE
https://www.agisoft.com/forum/index.php?topic=6635.msg32062#msg32062	forum_msg	https://web.archive.org/web/20260923213554/https://www.agisoft.com/forum/index.php?topic=6635.msg32062	LIVE
https://www.agisoft.com/forum/index.php?topic=6644.0	forum_thread	http://web.archive.org/web/20260123203651/https://www.agisoft.com/forum/index.php?topic=6644.0	LIVE
https://www.agisoft.com/forum/index.php?topic=6691.0	forum_thread	http://web.archive.org/web/20260924191910/https://www.agisoft.com/forum/index.php?topic=6691.0	LIVE
https://www.agisoft.com/forum/index.php?topic=6691.msg32347#msg32347	forum_msg	https://web.archive.org/web/20260923213616/https://www.agisoft.com/forum/index.php?topic=6691.msg32347	LIVE
https://www.agisoft.com/forum/index.php?topic=6992.0	forum_thread	http://web.archive.org/web/20260924190316/https://www.agisoft.com/forum/index.php?topic=6992.0	LIVE
https://www.agisoft.com/forum/index.php?topic=6992.msg32413#msg32413	forum_msg	https://web.archive.org/web/20260923213644/https://www.agisoft.com/forum/index.php?topic=6992.msg32413	LIVE
https://www.agisoft.com/forum/index.php?topic=6992.msg33751#msg33751	forum_msg	https://web.archive.org/web/20260923213704/https://www.agisoft.com/forum/index.php?topic=6992.msg33751	LIVE
https://www.agisoft.com/forum/index.php?topic=6992.msg33765#msg33765	forum_msg	https://web.archive.org/web/20260923213739/https://www.agisoft.com/forum/index.php?topic=6992.msg33765	LIVE
https://www.agisoft.com/forum/index.php?topic=6995.0	forum_thread	http://web.archive.org/web/20220618112632/https://www.agisoft.com/forum/index.php?topic=6995.0	LIVE
https://www.agisoft.com/forum/index.php?topic=6995.msg33747#msg33747	forum_msg	https://web.archive.org/web/20260923213758/https://www.agisoft.com/forum/index.php?topic=6995.msg33747	LIVE
https://www.agisoft.com/forum/index.php?topic=7020.msg34121#msg34121	forum_msg	https://web.archive.org/web/20260923213835/https://www.agisoft.com/forum/index.php?topic=7020.msg34121	LIVE
https://www.agisoft.com/forum/index.php?topic=7056.msg34042#msg34042	forum_msg	https://web.archive.org/web/20260924130624/https://www.agisoft.com/forum/index.php?topic=7056.msg34042	LIVE
https://www.agisoft.com/forum/index.php?topic=7277.0	forum_thread	http://web.archive.org/web/20260924190301/https://www.agisoft.com/forum/index.php?topic=7277.0	LIVE
https://www.agisoft.com/forum/index.php?topic=7277.msg35040#msg35040	forum_msg	https://web.archive.org/web/20260923213931/https://www.agisoft.com/forum/index.php?topic=7277.msg35040	LIVE
https://www.agisoft.com/forum/index.php?topic=738.msg2769#msg2769	forum_msg	https://web.archive.org/web/20260923213955/https://www.agisoft.com/forum/index.php?topic=738.msg2769	LIVE
https://www.agisoft.com/forum/index.php?topic=738.msg3105#msg3105	forum_msg	https://web.archive.org/web/20260923122138/https://www.agisoft.com/forum/index.php?topic=738.msg3105	LIVE
https://www.agisoft.com/forum/index.php?topic=738.msg3115#msg3115	forum_msg	https://web.archive.org/web/20260924081724/https://www.agisoft.com/forum/index.php?topic=738.msg3115	LIVE
https://www.agisoft.com/forum/index.php?topic=7543.msg36125#msg36125	forum_msg	https://web.archive.org/web/20260923122212/https://www.agisoft.com/forum/index.php?topic=7543.msg36125	LIVE
https://www.agisoft.com/forum/index.php?topic=764.0	forum_thread	http://web.archive.org/web/20260924190310/https://www.agisoft.com/forum/index.php?topic=764.0	LIVE
https://www.agisoft.com/forum/index.php?topic=764.msg3576#msg3576	forum_msg	https://web.archive.org/web/20260924063400/https://www.agisoft.com/forum/index.php?topic=764.msg3576	LIVE
https://www.agisoft.com/forum/index.php?topic=7644.0	forum_thread	http://web.archive.org/web/20260924191940/https://www.agisoft.com/forum/index.php?topic=7644.0	LIVE
https://www.agisoft.com/forum/index.php?topic=7772.0	forum_thread	http://web.archive.org/web/20250717183718/https://www.agisoft.com/forum/index.php?topic=7772.0	LIVE
https://www.agisoft.com/forum/index.php?topic=7772.msg37143#msg37143	forum_msg	https://web.archive.org/web/20260924063442/https://www.agisoft.com/forum/index.php?topic=7772.msg37143	LIVE
https://www.agisoft.com/forum/index.php?topic=7977.msg37947#msg37947	forum_msg	https://web.archive.org/web/20260924063501/https://www.agisoft.com/forum/index.php?topic=7977.msg37947	LIVE
https://www.agisoft.com/forum/index.php?topic=8019.msg37947#msg37947	forum_msg	https://web.archive.org/web/20260924063530/https://www.agisoft.com/forum/index.php?topic=8019.msg37947	LIVE
https://www.agisoft.com/forum/index.php?topic=8054.0	forum_thread	http://web.archive.org/web/20260924192011/https://www.agisoft.com/forum/index.php?topic=8054.0	LIVE
https://www.agisoft.com/forum/index.php?topic=8054.msg38480#msg38480	forum_msg	https://web.archive.org/web/20260924063642/https://www.agisoft.com/forum/index.php?topic=8054.msg38480	LIVE
https://www.agisoft.com/forum/index.php?topic=8054.msg39160#msg39160	forum_msg	https://web.archive.org/web/20260924063625/https://www.agisoft.com/forum/index.php?topic=8054.msg39160	LIVE
https://www.agisoft.com/forum/index.php?topic=8140.msg38926#msg38926	forum_msg	https://web.archive.org/web/20260924063650/https://www.agisoft.com/forum/index.php?topic=8140.msg38926	LIVE
https://www.agisoft.com/forum/index.php?topic=8227.0	forum_thread	http://web.archive.org/web/20250810094612/https://www.agisoft.com/forum/index.php?topic=8227.0	LIVE
https://www.agisoft.com/forum/index.php?topic=8227.msg39390#msg39390	forum_msg	https://web.archive.org/web/20240719143800/https://www.agisoft.com/forum/index.php?topic=8227.msg39390	LIVE
https://www.agisoft.com/forum/index.php?topic=8227.msg40615#msg40615	forum_msg	https://web.archive.org/web/20260924063717/https://www.agisoft.com/forum/index.php?topic=8227.msg40615	LIVE
https://www.agisoft.com/forum/index.php?topic=8227.msg47614#msg47614	forum_msg	https://web.archive.org/web/20260923122453/https://www.agisoft.com/forum/index.php?topic=8227.msg47614	LIVE
https://www.agisoft.com/forum/index.php?topic=8227.msg47624#msg47624	forum_msg	https://web.archive.org/web/20260924063811/https://www.agisoft.com/forum/index.php?topic=8227.msg47624	LIVE
https://www.agisoft.com/forum/index.php?topic=8227.msg47629#msg47629	forum_msg	https://web.archive.org/web/20260923122527/https://www.agisoft.com/forum/index.php?topic=8227.msg47629	LIVE
https://www.agisoft.com/forum/index.php?topic=8227.msg47674#msg47674	forum_msg	https://web.archive.org/web/20260924063907/https://www.agisoft.com/forum/index.php?topic=8227.msg47674	LIVE
https://www.agisoft.com/forum/index.php?topic=8284.msg39640#msg39640	forum_msg	https://web.archive.org/web/20260924063926/https://www.agisoft.com/forum/index.php?topic=8284.msg39640	LIVE
https://www.agisoft.com/forum/index.php?topic=8284.msg40046#msg40046	forum_msg	https://web.archive.org/web/20260924064042/https://www.agisoft.com/forum/index.php?topic=8284.msg40046	LIVE
https://www.agisoft.com/forum/index.php?topic=8306.0	forum_thread	https://web.archive.org/web/20260925151600/https://www.agisoft.com/forum/index.php?topic=8306.0	LIVE
https://www.agisoft.com/forum/index.php?topic=8306.msg41134#msg41134	forum_msg	https://web.archive.org/web/20260924064021/https://www.agisoft.com/forum/index.php?topic=8306.msg41134	LIVE
https://www.agisoft.com/forum/index.php?topic=8315.msg40852#msg40852	forum_msg	https://web.archive.org/web/20260924064056/https://www.agisoft.com/forum/index.php?topic=8315.msg40852	LIVE
https://www.agisoft.com/forum/index.php?topic=8444.0	forum_thread	http://web.archive.org/web/20250717194318/https://www.agisoft.com/forum/index.php?topic=8444.0	LIVE
https://www.agisoft.com/forum/index.php?topic=8444.msg40226#msg40226	forum_msg	https://web.archive.org/web/20260924064115/https://www.agisoft.com/forum/index.php?topic=8444.msg40226	LIVE
https://www.agisoft.com/forum/index.php?topic=8444.msg40298#msg40298	forum_msg	https://web.archive.org/web/20260924064158/https://www.agisoft.com/forum/index.php?topic=8444.msg40298	LIVE
https://www.agisoft.com/forum/index.php?topic=8444.msg40300#msg40300	forum_msg	https://web.archive.org/web/20260924064211/https://www.agisoft.com/forum/index.php?topic=8444.msg40300	LIVE
https://www.agisoft.com/forum/index.php?topic=8548.0	forum_thread	http://web.archive.org/web/20260924192112/https://www.agisoft.com/forum/index.php?topic=8548.0	LIVE
https://www.agisoft.com/forum/index.php?topic=8879.msg41875#msg41875	forum_msg	https://web.archive.org/web/20260923122806/https://www.agisoft.com/forum/index.php?topic=8879.msg41875	LIVE
https://www.agisoft.com/forum/index.php?topic=8879.msg42196#msg42196	forum_msg	https://web.archive.org/web/20260924064304/https://www.agisoft.com/forum/index.php?topic=8879.msg42196	LIVE
https://www.agisoft.com/forum/index.php?topic=8879.msg58893#msg58893	forum_msg	https://web.archive.org/web/20251014171044/https://www.agisoft.com/forum/index.php?topic=8879.msg58893	LIVE
https://www.agisoft.com/forum/index.php?topic=8946.0	forum_thread	http://web.archive.org/web/20260422043045/https://www.agisoft.com/forum/index.php?topic=8946.0	LIVE
https://www.agisoft.com/forum/index.php?topic=8967.msg42062#msg42062	forum_msg	https://web.archive.org/web/20260924064358/https://www.agisoft.com/forum/index.php?topic=8967.msg42062	LIVE
https://www.agisoft.com/forum/index.php?topic=8967.msg42514#msg42514	forum_msg	https://web.archive.org/web/20260924064501/https://www.agisoft.com/forum/index.php?topic=8967.msg42514	LIVE
https://www.agisoft.com/forum/index.php?topic=8978.msg42061#msg42061	forum_msg	https://web.archive.org/web/20260924064452/https://www.agisoft.com/forum/index.php?topic=8978.msg42061	LIVE
https://www.agisoft.com/forum/index.php?topic=8984.msg42655#msg42655	forum_msg	https://web.archive.org/web/20260924064529/https://www.agisoft.com/forum/index.php?topic=8984.msg42655	LIVE
https://www.agisoft.com/forum/index.php?topic=9018.msg42291#msg42291	forum_msg	https://web.archive.org/web/20260924064556/https://www.agisoft.com/forum/index.php?topic=9018.msg42291	LIVE
https://www.agisoft.com/forum/index.php?topic=9240.0	forum_thread	http://web.archive.org/web/20240516023251/https://www.agisoft.com/forum/index.php?topic=9240.0	LIVE
https://www.agisoft.com/forum/index.php?topic=9240.msg43080#msg43080	forum_msg	https://web.archive.org/web/20260923123011/https://www.agisoft.com/forum/index.php?topic=9240.msg43080	LIVE
https://www.agisoft.com/forum/index.php?topic=9240.msg66440#msg66440	forum_msg	https://web.archive.org/web/20260924064644/https://www.agisoft.com/forum/index.php?topic=9240.msg66440	LIVE
https://www.agisoft.com/forum/index.php?topic=9244.0	forum_thread	https://web.archive.org/web/20260925131705/https://www.agisoft.com/forum/index.php?topic=9244.0	LIVE
https://www.agisoft.com/forum/index.php?topic=9244.msg43493#msg43493	forum_msg	https://web.archive.org/web/20260924064742/https://www.agisoft.com/forum/index.php?topic=9244.msg43493	LIVE
https://www.agisoft.com/forum/index.php?topic=9404.0	forum_thread	http://web.archive.org/web/20221204015241/https://www.agisoft.com/forum/index.php?topic=9404.0	LIVE
https://www.agisoft.com/forum/index.php?topic=9404.msg44623#msg44623	forum_msg	https://web.archive.org/web/20260924064739/https://www.agisoft.com/forum/index.php?topic=9404.msg44623	LIVE
https://www.agisoft.com/forum/index.php?topic=9565.0	forum_thread	https://web.archive.org/web/20260925151704/https://www.agisoft.com/forum/index.php?topic=9565.0	LIVE
https://www.agisoft.com/forum/index.php?topic=9587.msg44910#msg44910	forum_msg	https://web.archive.org/web/20260924064814/https://www.agisoft.com/forum/index.php?topic=9587.msg44910	LIVE
https://www.agisoft.com/forum/index.php?topic=9612.msg44367#msg44367	forum_msg	https://web.archive.org/web/20260924064835/https://www.agisoft.com/forum/index.php?topic=9612.msg44367	LIVE
https://www.agisoft.com/forum/index.php?topic=9689.0	forum_thread	http://web.archive.org/web/20260924190310/https://www.agisoft.com/forum/index.php?topic=9689.0	LIVE
https://www.agisoft.com/forum/index.php?topic=9793.0	forum_thread	http://web.archive.org/web/20260226042836/https://www.agisoft.com/forum/index.php?topic=9793.0	LIVE
https://www.agisoft.com/forum/index.php?topic=9793.msg45620#msg45620	forum_msg	https://web.archive.org/web/20260924064910/https://www.agisoft.com/forum/index.php?topic=9793.msg45620	LIVE
https://www.agisoft.com/forum/index.php?topic=9793.msg45633#msg45633	forum_msg	https://web.archive.org/web/20260924064937/https://www.agisoft.com/forum/index.php?topic=9793.msg45633	LIVE
https://www.agisoft.com/forum/index.php?topic=9910.msg45643#msg45643	forum_msg	https://web.archive.org/web/20240523002845/https://www.agisoft.com/forum/index.php?topic=9910.msg45643	LIVE
https://www.agisoft.com/forum/index.php?topic=16091.0	forum_thread	https://web.archive.org/web/20260925151242/https://www.agisoft.com/forum/index.php?topic=16091.0	LIVE
https://www.agisoft.com/forum/index.php?topic=16518.0	forum_thread	https://web.archive.org/web/20260925151315/https://www.agisoft.com/forum/index.php?topic=16518.0	LIVE
https://www.agisoft.com/forum/index.php?topic=17024.0	forum_thread	https://web.archive.org/web/20260925151254/https://www.agisoft.com/forum/index.php?topic=17024.0	LIVE
https://www.agisoft.com/forum/index.php?topic=17361.0	forum_thread	https://web.archive.org/web/20260925151326/https://www.agisoft.com/forum/index.php?topic=17361.0	LIVE
https://www.agisoft.com/forum/index.php?topic=3325.0	forum_thread	https://web.archive.org/web/20260925151400/https://www.agisoft.com/forum/index.php?topic=3325.0	LIVE
https://www.agisoft.com/forum/index.php?topic=5144.0	forum_thread	https://web.archive.org/web/20260925151428/https://www.agisoft.com/forum/index.php?topic=5144.0	LIVE
https://www.agisoft.com/forum/index.php?topic=5322.0	forum_thread	https://web.archive.org/web/20260925151500/https://www.agisoft.com/forum/index.php?topic=5322.0	LIVE
https://www.agisoft.com/forum/index.php?topic=600.0	forum_thread	https://web.archive.org/web/20260925151528/https://www.agisoft.com/forum/index.php?topic=600.0	LIVE
https://www.agisoft.com/forum/index.php?topic=9910.0	forum_thread	https://web.archive.org/web/20260925151733/https://www.agisoft.com/forum/index.php?topic=9910.0	LIVE
